       Q,      F(Q)_RMC,  F(Q)_Expt
      0.5049998 ,      -2.9173063 ,      -2.0488557
      0.5149998 ,      -2.9980472 ,      -2.3117734
      0.5249998 ,      -3.0207869 ,      -2.5076875
      0.5349998 ,      -2.9853404 ,      -2.6334510
      0.5449998 ,      -2.8955542 ,      -2.6904217
      0.5549998 ,      -2.7589574 ,      -2.6841727
      0.5649998 ,      -2.5861738 ,      -2.6239404
      0.5749997 ,      -2.3901411 ,      -2.5218548
      0.5849997 ,      -2.1851787 ,      -2.3920030
      0.5949997 ,      -1.9859993 ,      -2.2494061
      0.6049997 ,      -1.8066910 ,      -2.1089608
      0.6149997 ,      -1.6597655 ,      -1.9844285
      0.6249997 ,      -1.5553258 ,      -1.8875337
      0.6349997 ,      -1.5004051 ,      -1.8272285
      0.6449997 ,      -1.4985217 ,      -1.8091684
      0.6549997 ,      -1.5494747 ,      -1.8354279
      0.6649997 ,      -1.6493916 ,      -1.9044717
      0.6749997 ,      -1.7910237 ,      -2.0113741
      0.6849996 ,      -1.9642616 ,      -2.1482685
      0.6949996 ,      -2.1568503 ,      -2.3049970
      0.7049996 ,      -2.3552237 ,      -2.4698944
      0.7149996 ,      -2.5454401 ,      -2.6306747
      0.7249996 ,      -2.7141292 ,      -2.7753408
      0.7349996 ,      -2.8493981 ,      -2.8930614
      0.7449996 ,      -2.9416353 ,      -2.9749542
      0.7549996 ,      -2.9841598 ,      -3.0147237
      0.7649996 ,      -2.9736733 ,      -3.0091114
      0.7749996 ,      -2.9104870 ,      -2.9581295
      0.7849995 ,      -2.7985087 ,      -2.8650649
      0.7949995 ,      -2.6449859 ,      -2.7362496
      0.8049995 ,      -2.4600382 ,      -2.5806282
      0.8149995 ,      -2.2559896 ,      -2.4091354
      0.8249995 ,      -2.0465576 ,      -2.2339391
      0.8349995 ,      -1.8459479 ,      -2.0675963
      0.8449995 ,      -1.6679138 ,      -1.9221788
      0.8549995 ,      -1.5248404 ,      -1.8084287
      0.8649995 ,      -1.4269137 ,      -1.7349997
      0.8749995 ,      -1.3814266 ,      -1.7078341
      0.8849995 ,      -1.3922683 ,      -1.7297182
      0.8949994 ,      -1.4596259 ,      -1.8000441
      0.9049994 ,      -1.5799260 ,      -1.9147986
      0.9149994 ,      -1.7460055 ,      -2.0667690
      0.9249994 ,      -1.9475161 ,      -2.2459663
      0.9349994 ,      -2.1715286 ,      -2.4402290
      0.9449994 ,      -2.4033005 ,      -2.6359725
      0.9549994 ,      -2.6271601 ,      -2.8190345
      0.9649994 ,      -2.8274518 ,      -2.9755622
      0.9749994 ,      -2.9894832 ,      -3.0928855
      0.9849994 ,      -3.1004165 ,      -3.1603199
      0.9949993 ,      -3.1500485 ,      -3.1698475
      1.0049990 ,      -3.1314366 ,      -3.1166372
      1.0149990 ,      -3.0413182 ,      -2.9993573
      1.0249990 ,      -2.8803236 ,      -2.8202914
      1.0349990 ,      -2.6529509 ,      -2.5852180
      1.0449990 ,      -2.3673131 ,      -2.3030828
      1.0549990 ,      -2.0346748 ,      -1.9854790
      1.0649990 ,      -1.6688085 ,      -1.6459707
      1.0749990 ,      -1.2852102 ,      -1.2993014
      1.0849990 ,      -0.9002253 ,      -0.9605400
      1.0949990 ,      -0.5301358 ,      -0.6442154
      1.1049990 ,      -0.1902669 ,      -0.3634954
      1.1149990 ,       0.1058357 ,      -0.1294589
      1.1249990 ,       0.3471084 ,       0.0494937
      1.1349990 ,       0.5255127 ,       0.1680593
      1.1449990 ,       0.6363895 ,       0.2242543
      1.1549990 ,       0.6786065 ,       0.2194327
      1.1649990 ,       0.6544969 ,       0.1581009
      1.1749990 ,       0.5695947 ,       0.0475451
      1.1849990 ,       0.4321923 ,      -0.1027003
      1.1949990 ,       0.2527488 ,      -0.2815077
      1.2049990 ,       0.0431914 ,      -0.4768897
      1.2149990 ,      -0.1838436 ,      -0.6767632
      1.2249990 ,      -0.4157826 ,      -0.8696939
      1.2349990 ,      -0.6408500 ,      -1.0455753
      1.2449990 ,      -0.8487216 ,      -1.1961984
      1.2549990 ,      -1.0310590 ,      -1.3156807
      1.2649990 ,      -1.1818939 ,      -1.4007273
      1.2749990 ,      -1.2978440 ,      -1.4507142
      1.2849990 ,      -1.3781523 ,      -1.4675914
      1.2949990 ,      -1.4245534 ,      -1.4556174
      1.3049990 ,      -1.4409828 ,      -1.4209484
      1.3149990 ,      -1.4331539 ,      -1.3711116
      1.3249990 ,      -1.4080354 ,      -1.3144036
      1.3349990 ,      -1.3732690 ,      -1.2592541
      1.3449990 ,      -1.3365683 ,      -1.2136013
      1.3549990 ,      -1.3051416 ,      -1.1843214
      1.3649990 ,      -1.2851772 ,      -1.1767487
      1.3749990 ,      -1.2814254 ,      -1.1943201
      1.3849990 ,      -1.2969035 ,      -1.2383641
      1.3949990 ,      -1.3327405 ,      -1.3080474
      1.4049990 ,      -1.3881695 ,      -1.4004796
      1.4149990 ,      -1.4606620 ,      -1.5109656
      1.4249990 ,      -1.5461933 ,      -1.6333851
      1.4349990 ,      -1.6396136 ,      -1.7606705
      1.4449990 ,      -1.7350965 ,      -1.8853474
      1.4549990 ,      -1.8266290 ,      -2.0000979
      1.4649990 ,      -1.9085056 ,      -2.0983049
      1.4749990 ,      -1.9757895 ,      -2.1745400
      1.4849990 ,      -2.0247052 ,      -2.2249571
      1.4949990 ,      -2.0529337 ,      -2.2475657
      1.5049990 ,      -2.0597883 ,      -2.2423627
      1.5149990 ,      -2.0462573 ,      -2.2113143
      1.5249990 ,      -2.0149100 ,      -2.1581878
      1.5349990 ,      -1.9696735 ,      -2.0882463
      1.5449990 ,      -1.9154951 ,      -2.0078280
      1.5549990 ,      -1.8579169 ,      -1.9238390
      1.5649990 ,      -1.8025922 ,      -1.8431973
      1.5749990 ,      -1.7547809 ,      -1.7722684
      1.5849990 ,      -1.7188626 ,      -1.7163321
      1.5949990 ,      -1.6979032 ,      -1.6791218
      1.6049990 ,      -1.6933114 ,      -1.6624711
      1.6149990 ,      -1.7046118 ,      -1.6660939
      1.6249990 ,      -1.7293570 ,      -1.6875192
      1.6349990 ,      -1.7631882 ,      -1.7221869
      1.6449990 ,      -1.8000470 ,      -1.7637037
      1.6549990 ,      -1.8325275 ,      -1.8042433
      1.6649990 ,      -1.8523488 ,      -1.8350692
      1.6749990 ,      -1.8509202 ,      -1.8471439
      1.6849990 ,      -1.8199615 ,      -1.8317876
      1.6949990 ,      -1.7521387 ,      -1.7813411
      1.7049990 ,      -1.6416705 ,      -1.6897873
      1.7149990 ,      -1.4848648 ,      -1.5532887
      1.7249990 ,      -1.2805440 ,      -1.3706013
      1.7349990 ,      -1.0303277 ,      -1.1433335
      1.7449990 ,      -0.7387474 ,      -0.8760284
      1.7549990 ,      -0.4131794 ,      -0.5760573
      1.7649990 ,      -0.0635928 ,      -0.2533269
      1.7749990 ,       0.2978777 ,       0.0801878
      1.7849990 ,       0.6575144 ,       0.4110593
      1.7949990 ,       1.0007227 ,       0.7251381
      1.8049990 ,       1.3128212 ,       1.0083536
      1.8149990 ,       1.5798694 ,       1.2475393
      1.8249990 ,       1.7894837 ,       1.4312290
      1.8349990 ,       1.9315908 ,       1.5503763
      1.8449990 ,       1.9990716 ,       1.5989495
      1.8549990 ,       1.9882537 ,       1.5743645
      1.8649990 ,       1.8992188 ,       1.4777244
      1.8749990 ,       1.7359020 ,       1.3138484
      1.8849990 ,       1.5059742 ,       1.0910842
      1.8949990 ,       1.2205073 ,       0.8209120
      1.9049990 ,       0.8934407 ,       0.5173597
      1.9149990 ,       0.5408748 ,       0.1962627
      1.9249990 ,       0.1802324 ,      -0.1255904
      1.9349990 ,      -0.1706672 ,      -0.4313761
      1.9449990 ,      -0.4945658 ,      -0.7051646
      1.9549980 ,      -0.7756760 ,      -0.9327830
      1.9649980 ,      -1.0006467 ,      -1.1026882
      1.9749980 ,      -1.1591214 ,      -1.2064697
      1.9849980 ,      -1.2444130 ,      -1.2394035
      1.9949980 ,      -1.2538241 ,      -1.2006732
      2.0049980 ,      -1.1887697 ,      -1.0933879
      2.0149980 ,      -1.0546641 ,      -0.9243720
      2.0249980 ,      -0.8605783 ,      -0.7037384
      2.0349980 ,      -0.6186855 ,      -0.4442690
      2.0449980 ,      -0.3435288 ,      -0.1606418
      2.0549980 ,      -0.0511530 ,       0.1314514
      2.0649980 ,       0.2418482 ,       0.4162435
      2.0749980 ,       0.5193127 ,       0.6788291
      2.0849980 ,       0.7664613 ,       0.9060459
      2.0949980 ,       0.9707616 ,       1.0872452
      2.1049980 ,       1.1226541 ,       1.2149075
      2.1149980 ,       1.2160971 ,       1.2850646
      2.1249980 ,       1.2488976 ,       1.2975041
      2.1349980 ,       1.2228079 ,       1.2557432
      2.1449980 ,       1.1433835 ,       1.1667745
      2.1549980 ,       1.0196094 ,       1.0405991
      2.1649980 ,       0.8633181 ,       0.8895759
      2.1749980 ,       0.6884337 ,       0.7276254
      2.1849980 ,       0.5100871 ,       0.5693384
      2.1949980 ,       0.3436568 ,       0.4290415
      2.2049980 ,       0.2037913 ,       0.3198782
      2.2149980 ,       0.1034721 ,       0.2529590
      2.2249980 ,       0.0531750 ,       0.2366337
      2.2349980 ,       0.0601788 ,       0.2759299
      2.2449980 ,       0.1280638 ,       0.3721908
      2.2549980 ,       0.2564311 ,       0.5229354
      2.2649980 ,       0.4408595 ,       0.7219498
      2.2749980 ,       0.6731043 ,       0.9596051
      2.2849980 ,       0.9415265 ,       1.2233820
      2.2949980 ,       1.2317288 ,       1.4985743
      2.3049980 ,       1.5273605 ,       1.7691268
      2.3149980 ,       1.8110462 ,       2.0185617
      2.3249980 ,       2.0653838 ,       2.2309367
      2.3349980 ,       2.2739536 ,       2.3917809
      2.3449980 ,       2.4222808 ,       2.4889528
      2.3549980 ,       2.4986950 ,       2.5133706
      2.3649980 ,       2.4950375 ,       2.4595737
      2.3749980 ,       2.4071753 ,       2.3260813
      2.3849980 ,       2.2352915 ,       2.1155295
      2.3949980 ,       1.9839370 ,       1.8345779
      2.4049980 ,       1.6618380 ,       1.4935921
      2.4149980 ,       1.2814732 ,       1.1061201
      2.4249980 ,       0.8584411 ,       0.6881936
      2.4349980 ,       0.4106563 ,       0.2574924
      2.4449980 ,      -0.0425825 ,      -0.1675792
      2.4549980 ,      -0.4815990 ,      -0.5688532
      2.4649980 ,      -0.8873658 ,      -0.9293430
      2.4749980 ,      -1.2424940 ,      -1.2341190
      2.4849980 ,      -1.5321307 ,      -1.4710704
      2.4949980 ,      -1.7447189 ,      -1.6315098
      2.5049980 ,      -1.8725765 ,      -1.7105913
      2.5149980 ,      -1.9122669 ,      -1.7075222
      2.5249980 ,      -1.8647427 ,      -1.6255577
      2.5349980 ,      -1.7352573 ,      -1.4717847
      2.5449980 ,      -1.5330522 ,      -1.2567078
      2.5549980 ,      -1.2708403 ,      -0.9936648
      2.5649980 ,      -0.9641151 ,      -0.6981048
      2.5749980 ,      -0.6303259 ,      -0.3867708
      2.5849980 ,      -0.2879650 ,      -0.0768323
      2.5949980 ,       0.0443833 ,       0.2149864
      2.6049980 ,       0.3489813 ,       0.4732337
      2.6149980 ,       0.6098139 ,       0.6844746
      2.6249980 ,       0.8133595 ,       0.8379127
      2.6349980 ,       0.9492165 ,       0.9258616
      2.6449980 ,       1.0105566 ,       0.9440465
      2.6549980 ,       0.9943865 ,       0.8917250
      2.6649980 ,       0.9016103 ,       0.7716279
      2.6749980 ,       0.7368934 ,       0.5897283
      2.6849980 ,       0.5083433 ,       0.3548586
      2.6949980 ,       0.2270278 ,       0.0781997
      2.7049980 ,      -0.0936382 ,      -0.2273264
      2.7149980 ,      -0.4386018 ,      -0.5477243
      2.7249980 ,      -0.7919381 ,      -0.8686194
      2.7349980 ,      -1.1376314 ,      -1.1759401
      2.7449980 ,      -1.4603323 ,      -1.4565557
      2.7549980 ,      -1.7460542 ,      -1.6988413
      2.7649980 ,      -1.9827759 ,      -1.8931443
      2.7749980 ,      -2.1609264 ,      -2.0321359
      2.7849980 ,      -2.2737329 ,      -2.1110369
      2.7949980 ,      -2.3174219 ,      -2.1277154
      2.8049980 ,      -2.2912711 ,      -2.0826580
      2.8149980 ,      -2.1975186 ,      -1.9788262
      2.8249980 ,      -2.0411410 ,      -1.8214121
      2.8349980 ,      -1.8295197 ,      -1.6175112
      2.8449980 ,      -1.5720172 ,      -1.3757361
      2.8549980 ,      -1.2794908 ,      -1.1057907
      2.8649980 ,      -0.9637689 ,      -0.8180303
      2.8749980 ,      -0.6371183 ,      -0.5230265
      2.8849980 ,      -0.3117267 ,      -0.2311563
      2.8949980 ,       0.0007770 ,       0.0477680
      2.9049980 ,       0.2897457 ,       0.3048188
      2.9149980 ,       0.5458671 ,       0.5322125
      2.9249980 ,       0.7614371 ,       0.7235058
      2.9349980 ,       0.9305487 ,       0.8737281
      2.9449980 ,       1.0491969 ,       0.9794523
      2.9549980 ,       1.1153037 ,       1.0388090
      2.9649980 ,       1.1286693 ,       1.0514514
      2.9749980 ,       1.0908607 ,       1.0184774
      2.9849980 ,       1.0050469 ,       0.9423179
      2.9949980 ,       0.8757948 ,       0.8265983
      3.0049970 ,       0.7088538 ,       0.6759960
      3.0149970 ,       0.5108337 ,       0.4960037
      3.0249970 ,       0.2890476 ,       0.2928377
      3.0349970 ,       0.0511887 ,       0.0731907
      3.0449970 ,      -0.1949058 ,      -0.1559484
      3.0549970 ,      -0.4414940 ,      -0.3874910
      3.0649970 ,      -0.6811531 ,      -0.6144459
      3.0749970 ,      -0.9069835 ,      -0.8301158
      3.0849970 ,      -1.1127937 ,      -1.0282900
      3.0949970 ,      -1.2932618 ,      -1.2034320
      3.1049970 ,      -1.4440741 ,      -1.3508553
      3.1149970 ,      -1.5620375 ,      -1.4668834
      3.1249970 ,      -1.6451640 ,      -1.5489876
      3.1349970 ,      -1.6927239 ,      -1.5958953
      3.1449970 ,      -1.7052655 ,      -1.6076605
      3.1549970 ,      -1.6845972 ,      -1.5856907
      3.1649970 ,      -1.6337286 ,      -1.5327228
      3.1749970 ,      -1.5567703 ,      -1.4527444
      3.1849970 ,      -1.4587884 ,      -1.3508565
      3.1949970 ,      -1.3456171 ,      -1.2330790
      3.2049970 ,      -1.2236298 ,      -1.1061030
      3.2149970 ,      -1.0994753 ,      -0.9769945
      3.2249970 ,      -0.9797864 ,      -0.8528622
      3.2349970 ,      -0.8708695 ,      -0.7405020
      3.2449970 ,      -0.7783906 ,      -0.6460342
      3.2549970 ,      -0.7070687 ,      -0.5745514
      3.2649970 ,      -0.6603950 ,      -0.5297970
      3.2749970 ,      -0.6403915 ,      -0.5138939
      3.2849970 ,      -0.6474258 ,      -0.5271393
      3.2949970 ,      -0.6800960 ,      -0.5678841
      3.3049970 ,      -0.7351963 ,      -0.6325073
      3.3149970 ,      -0.8077723 ,      -0.7154933
      3.3249970 ,      -0.8912694 ,      -0.8096157
      3.3349970 ,      -0.9777735 ,      -0.9062223
      3.3449970 ,      -1.0583377 ,      -0.9956146
      3.3549970 ,      -1.1233846 ,      -1.0675052
      3.3649970 ,      -1.1631665 ,      -1.1115332
      3.3749970 ,      -1.1682658 ,      -1.1178134
      3.3849970 ,      -1.1301081 ,      -1.0774928
      3.3949970 ,      -1.0414657 ,      -0.9832825
      3.4049970 ,      -0.8969216 ,      -0.8299378
      3.4149970 ,      -0.6932689 ,      -0.6146583
      3.4249970 ,      -0.4298220 ,      -0.3373814
      3.4349970 ,      -0.1086164 ,      -0.0009518
      3.4449970 ,       0.2655159 ,       0.3888493
      3.4549970 ,       0.6850070 ,       0.8234211
      3.4649970 ,       1.1397521 ,       1.2916064
      3.4749970 ,       1.6174424 ,       1.7800918
      3.4849970 ,       2.1040210 ,       2.2739296
      3.4949970 ,       2.5842416 ,       2.7571581
      3.5049970 ,       3.0423074 ,       3.2134909
      3.5149970 ,       3.4625580 ,       3.6270427
      3.5249970 ,       3.8301735 ,       3.9830549
      3.5349970 ,       4.1318584 ,       4.2685841
      3.5449970 ,       4.3564717 ,       4.4731187
      3.5549970 ,       4.4955698 ,       4.5890895
      3.5649970 ,       4.5438330 ,       4.6122485
      3.5749970 ,       4.4993518 ,       4.5418947
      3.5849970 ,       4.3637564 ,       4.3809326
      3.5949970 ,       4.1421807 ,       4.1357601
      3.6049970 ,       3.8430599 ,       3.8159902
      3.6149970 ,       3.4777707 ,       3.4340191
      3.6249970 ,       3.0601307 ,       3.0044618
      3.6349970 ,       2.6057811 ,       2.5434847
      3.6449970 ,       2.1314822 ,       2.0680671
      3.6549970 ,       1.6543591 ,       1.5952303
      3.6649970 ,       1.1911328 ,       1.1412731
      3.6749970 ,       0.7573775 ,       0.7210519
      3.6849970 ,       0.3668397 ,       0.3473410
      3.6949970 ,       0.0308547 ,       0.0303054
      3.7049970 ,      -0.2421127 ,      -0.2228887
      3.7149970 ,      -0.4467791 ,      -0.4083084
      3.7249970 ,      -0.5811932 ,      -0.5253248
      3.7349970 ,      -0.6467188 ,      -0.5765175
      3.7449970 ,      -0.6478551 ,      -0.5674225
      3.7549970 ,      -0.5919052 ,      -0.5061407
      3.7649970 ,      -0.4885141 ,      -0.4028282
      3.7749970 ,      -0.3491003 ,      -0.2691002
      3.7849970 ,      -0.1862166 ,      -0.1173809
      3.7949970 ,      -0.0128713 ,       0.0397653
      3.8049970 ,       0.1581511 ,       0.1902841
      3.8149970 ,       0.3149342 ,       0.3232308
      3.8249970 ,       0.4470071 ,       0.4292874
      3.8349970 ,       0.5458242 ,       0.5011728
      3.8449970 ,       0.6051263 ,       0.5339281
      3.8549970 ,       0.6211656 ,       0.5250645
      3.8649970 ,       0.5927884 ,       0.4745726
      3.8749970 ,       0.5213742 ,       0.3847961
      3.8849970 ,       0.4106400 ,       0.2601831
      3.8949970 ,       0.2663260 ,       0.1069326
      3.9049970 ,       0.0957824 ,      -0.0674386
      3.9149970 ,      -0.0925138 ,      -0.2545834
      3.9249970 ,      -0.2894847 ,      -0.4458333
      3.9349970 ,      -0.4859871 ,      -0.6327025
      3.9449970 ,      -0.6733271 ,      -0.8073563
      3.9549970 ,      -0.8437273 ,      -0.9630184
      3.9649970 ,      -0.9907184 ,      -1.0942979
      3.9749970 ,      -1.1094385 ,      -1.1974190
      3.9849970 ,      -1.1968241 ,      -1.2703440
      3.9949970 ,      -1.2516879 ,      -1.3127883
      4.0049970 ,      -1.2746812 ,      -1.3261297
      4.0149970 ,      -1.2681497 ,      -1.3132232
      4.0249970 ,      -1.2358937 ,      -1.2781353
      4.0349970 ,      -1.1828520 ,      -1.2258180
      4.0449980 ,      -1.1147238 ,      -1.1617377
      4.0549980 ,      -1.0375955 ,      -1.0915231
      4.0649980 ,      -0.9574930 ,      -1.0205556
      4.0749980 ,      -0.8800215 ,      -0.9536565
      4.0849990 ,      -0.8100095 ,      -0.8947876
      4.0949990 ,      -0.7512548 ,      -0.8468530
      4.1049990 ,      -0.7062779 ,      -0.8115203
      4.1149990 ,      -0.6762355 ,      -0.7891857
      4.1250000 ,      -0.6608867 ,      -0.7789917
      4.1350000 ,      -0.6586633 ,      -0.7789348
      4.1450000 ,      -0.6668093 ,      -0.7860341
      4.1550000 ,      -0.6816080 ,      -0.7965688
      4.1650000 ,      -0.6986558 ,      -0.8063493
      4.1750010 ,      -0.7131757 ,      -0.8110130
      4.1850010 ,      -0.7203408 ,      -0.8063220
      4.1950010 ,      -0.7156088 ,      -0.7884503
      4.2050010 ,      -0.6950168 ,      -0.7542335
      4.2150020 ,      -0.6554370 ,      -0.7013689
      4.2250020 ,      -0.5947972 ,      -0.6285871
      4.2350020 ,      -0.5121938 ,      -0.5357038
      4.2450020 ,      -0.4079664 ,      -0.4236551
      4.2550020 ,      -0.2836827 ,      -0.2944427
      4.2650030 ,      -0.1420371 ,      -0.1510072
      4.2750030 ,       0.0132409 ,       0.0028770
      4.2850030 ,       0.1776780 ,       0.1628931
      4.2950030 ,       0.3462466 ,       0.3243584
      4.3050040 ,       0.5136654 ,       0.4824974
      4.3150040 ,       0.6746105 ,       0.6326219
      4.3250040 ,       0.8240860 ,       0.7704527
      4.3350040 ,       0.9576023 ,       0.8922524
      4.3450050 ,       1.0714107 ,       0.9950090
      4.3550050 ,       1.1626201 ,       1.0765089
      4.3650050 ,       1.2293700 ,       1.1354597
      4.3750050 ,       1.2708282 ,       1.1714570
      4.3850050 ,       1.2871889 ,       1.1849564
      4.3950060 ,       1.2796018 ,       1.1771878
      4.4050060 ,       1.2500596 ,       1.1500411
      4.4150060 ,       1.2012353 ,       1.1059134
      4.4250060 ,       1.1362979 ,       1.0475469
      4.4350070 ,       1.0587032 ,       0.9778512
      4.4450070 ,       0.9720227 ,       0.8997679
      4.4550070 ,       0.8797022 ,       0.8160775
      4.4650070 ,       0.7849183 ,       0.7292986
      4.4750080 ,       0.6904187 ,       0.6415732
      4.4850080 ,       0.5984522 ,       0.5546358
      4.4950080 ,       0.5106463 ,       0.4697279
      4.5050080 ,       0.4280211 ,       0.3876343
      4.5150080 ,       0.3509971 ,       0.3087067
      4.5250090 ,       0.2794424 ,       0.2329135
      4.5350090 ,       0.2127856 ,       0.1599473
      4.5450090 ,       0.1500822 ,       0.0892703
      4.5550090 ,       0.0901667 ,       0.0202404
      4.5650100 ,       0.0317683 ,      -0.0478094
      4.5750100 ,      -0.0263405 ,      -0.1154577
      4.5850100 ,      -0.0852640 ,      -0.1831640
      4.5950100 ,      -0.1458651 ,      -0.2511873
      4.6050110 ,      -0.2087051 ,      -0.3195669
      4.6150110 ,      -0.2739742 ,      -0.3880828
      4.6250110 ,      -0.3415126 ,      -0.4563068
      4.6350110 ,      -0.4107981 ,      -0.5236029
      4.6450110 ,      -0.4809895 ,      -0.5891778
      4.6550120 ,      -0.5509931 ,      -0.6521421
      4.6650120 ,      -0.6195101 ,      -0.7115470
      4.6750120 ,      -0.6851652 ,      -0.7664853
      4.6850120 ,      -0.7465688 ,      -0.8161256
      4.6950130 ,      -0.8024177 ,      -0.8597763
      4.7050130 ,      -0.8515537 ,      -0.8969104
      4.7150130 ,      -0.8930651 ,      -0.9272214
      4.7250130 ,      -0.9263158 ,      -0.9506199
      4.7350130 ,      -0.9509833 ,      -0.9672388
      4.7450140 ,      -0.9670734 ,      -0.9774218
      4.7550140 ,      -0.9749079 ,      -0.9816944
      4.7650140 ,      -0.9751097 ,      -0.9807372
      4.7750140 ,      -0.9685556 ,      -0.9753408
      4.7850150 ,      -0.9563252 ,      -0.9663630
      4.7950150 ,      -0.9396461 ,      -0.9546901
      4.8050150 ,      -0.9198221 ,      -0.9411907
      4.8150150 ,      -0.8981729 ,      -0.9266840
      4.8250160 ,      -0.8759702 ,      -0.9119081
      4.8350160 ,      -0.8543907 ,      -0.8975049
      4.8450160 ,      -0.8344570 ,      -0.8839964
      4.8550160 ,      -0.8170092 ,      -0.8717834
      4.8650160 ,      -0.8026765 ,      -0.8611421
      4.8750170 ,      -0.7918610 ,      -0.8522255
      4.8850170 ,      -0.7847351 ,      -0.8450721
      4.8950170 ,      -0.7812373 ,      -0.8396053
      4.9050170 ,      -0.7810865 ,      -0.8356431
      4.9150180 ,      -0.7837953 ,      -0.8328994
      4.9250180 ,      -0.7886872 ,      -0.8309866
      4.9350180 ,      -0.7949194 ,      -0.8294131
      4.9450180 ,      -0.8015048 ,      -0.8275824
      4.9550190 ,      -0.8073363 ,      -0.8247898
      4.9650190 ,      -0.8112101 ,      -0.8202234
      4.9750190 ,      -0.8118559 ,      -0.8129655
      4.9850190 ,      -0.8079629 ,      -0.8020018
      4.9950190 ,      -0.7982119 ,      -0.7862378
      5.0050200 ,      -0.7813082 ,      -0.7645209
      5.0150200 ,      -0.7560276 ,      -0.7356847
      5.0250200 ,      -0.7212490 ,      -0.6985807
      5.0350200 ,      -0.6760064 ,      -0.6521397
      5.0450210 ,      -0.6195300 ,      -0.5954243
      5.0550210 ,      -0.5513193 ,      -0.5277180
      5.0650210 ,      -0.4711575 ,      -0.4485571
      5.0750210 ,      -0.3791761 ,      -0.3578153
      5.0850210 ,      -0.2758876 ,      -0.2557532
      5.0950220 ,      -0.1621985 ,      -0.1430500
      5.1050220 ,      -0.0394694 ,      -0.0208755
      5.1150220 ,       0.0905583 ,       0.1091708
      5.1250220 ,       0.2257398 ,       0.2450328
      5.1350230 ,       0.3635951 ,       0.3842630
      5.1450230 ,       0.5013157 ,       0.5240323
      5.1550230 ,       0.6359305 ,       0.6613021
      5.1650230 ,       0.7643492 ,       0.7928770
      5.1750240 ,       0.8835003 ,       0.9155551
      5.1850240 ,       0.9904055 ,       1.0262129
      5.1950240 ,       1.0823759 ,       1.1220173
      5.2050240 ,       1.1570844 ,       1.2005078
      5.2150240 ,       1.2126898 ,       1.2597309
      5.2250250 ,       1.2479339 ,       1.2983449
      5.2350250 ,       1.2622031 ,       1.3156836
      5.2450250 ,       1.2555938 ,       1.3118259
      5.2550250 ,       1.2289114 ,       1.2875892
      5.2650260 ,       1.1836486 ,       1.2445042
      5.2750260 ,       1.1219526 ,       1.1847728
      5.2850260 ,       1.0465109 ,       1.1111460
      5.2950260 ,       0.9604521 ,       1.0268140
      5.3050270 ,       0.8671930 ,       0.9352439
      5.3150270 ,       0.7703198 ,       0.8400518
      5.3250270 ,       0.6733652 ,       0.7447742
      5.3350270 ,       0.5796785 ,       0.6527339
      5.3450270 ,       0.4922579 ,       0.5668716
      5.3550280 ,       0.4136023 ,       0.4896001
      5.3650280 ,       0.3456253 ,       0.4227239
      5.3750280 ,       0.2895240 ,       0.3673164
      5.3850280 ,       0.2457645 ,       0.3237157
      5.3950290 ,       0.2140634 ,       0.2915179
      5.4050290 ,       0.1934326 ,       0.2696343
      5.4150290 ,       0.1822330 ,       0.2563562
      5.4250290 ,       0.1782954 ,       0.2494855
      5.4350300 ,       0.1790531 ,       0.2464747
      5.4450300 ,       0.1816990 ,       0.2445892
      5.4550300 ,       0.1833559 ,       0.2410762
      5.4650300 ,       0.1812495 ,       0.2333346
      5.4750300 ,       0.1728725 ,       0.2190727
      5.4850310 ,       0.1561316 ,       0.1964420
      5.4950310 ,       0.1294774 ,       0.1641571
      5.5050310 ,       0.0919859 ,       0.1215569
      5.5150310 ,       0.0434179 ,       0.0686501
      5.5250320 ,      -0.0157744 ,       0.0061039
      5.5350320 ,      -0.0844486 ,      -0.0647703
      5.5450320 ,      -0.1608715 ,      -0.1421311
      5.5550320 ,      -0.2427931 ,      -0.2236890
      5.5650320 ,      -0.3275765 ,      -0.3068407
      5.5750330 ,      -0.4123489 ,      -0.3888206
      5.5850330 ,      -0.4941211 ,      -0.4668157
      5.5950330 ,      -0.5699920 ,      -0.5381597
      5.6050330 ,      -0.6372595 ,      -0.6004310
      5.6150340 ,      -0.6935620 ,      -0.6515760
      5.6250340 ,      -0.7369599 ,      -0.6899740
      5.6350340 ,      -0.7660435 ,      -0.7145213
      5.6450340 ,      -0.7799492 ,      -0.7246300
      5.6550350 ,      -0.7783713 ,      -0.7202204
      5.6650350 ,      -0.7615370 ,      -0.7016826
      5.6750350 ,      -0.7301492 ,      -0.6698059
      5.6850350 ,      -0.6853055 ,      -0.6256934
      5.6950350 ,      -0.6284009 ,      -0.5706637
      5.7050360 ,      -0.5610146 ,      -0.5061422
      5.7150360 ,      -0.4848297 ,      -0.4335908
      5.7250360 ,      -0.4014930 ,      -0.3543838
      5.7350360 ,      -0.3125558 ,      -0.2697663
      5.7450370 ,      -0.2193934 ,      -0.1807961
      5.7550370 ,      -0.1232043 ,      -0.0883631
      5.7650370 ,      -0.0249423 ,       0.0068532
      5.7750370 ,       0.0746302 ,       0.1043128
      5.7850380 ,       0.1749201 ,       0.2035747
      5.7950380 ,       0.2754003 ,       0.3041822
      5.8050380 ,       0.3755934 ,       0.4056385
      5.8150380 ,       0.4749466 ,       0.5072811
      5.8250380 ,       0.5727579 ,       0.6082139
      5.8350390 ,       0.6681121 ,       0.7072532
      5.8450390 ,       0.7597866 ,       0.8028494
      5.8550390 ,       0.8462766 ,       0.8931354
      5.8650390 ,       0.9257559 ,       0.9759087
      5.8750400 ,       0.9961239 ,       1.0487051
      5.8850400 ,       1.0550441 ,       1.1088608
      5.8950400 ,       1.1000843 ,       1.1536772
      5.9050400 ,       1.1288118 ,       1.1805348
      5.9150400 ,       1.1389465 ,       1.1870617
      5.9250410 ,       1.1285164 ,       1.1712972
      5.9350410 ,       1.0960226 ,       1.1318614
      5.9450410 ,       1.0405820 ,       1.0680906
      5.9550410 ,       0.9620577 ,       0.9801585
      5.9650420 ,       0.8611446 ,       0.8691433
      5.9750420 ,       0.7394683 ,       0.7371085
      5.9850420 ,       0.5995337 ,       0.5870196
      5.9950420 ,       0.4447210 ,       0.4227161
      6.0050430 ,       0.2791647 ,       0.2487610
      6.0150430 ,       0.1076760 ,       0.0703396
      6.0250430 ,      -0.0645469 ,      -0.1070589
      6.0350430 ,      -0.2320788 ,      -0.2778161
      6.0450430 ,      -0.3895340 ,      -0.4364645
      6.0550440 ,      -0.5318405 ,      -0.5779678
      6.0650440 ,      -0.6544428 ,      -0.6979219
      6.0750440 ,      -0.7536262 ,      -0.7928708
      6.0850440 ,      -0.8266633 ,      -0.8604373
      6.0950450 ,      -0.8719904 ,      -0.8994778
      6.1050450 ,      -0.8892932 ,      -0.9101447
      6.1150450 ,      -0.8795686 ,      -0.8939162
      6.1250450 ,      -0.8450693 ,      -0.8535137
      6.1350460 ,      -0.7891982 ,      -0.7927664
      6.1450460 ,      -0.7163621 ,      -0.7164411
      6.1550460 ,      -0.6317083 ,      -0.6299536
      6.1650460 ,      -0.5408700 ,      -0.5391006
      6.1750460 ,      -0.4496540 ,      -0.4497367
      6.1850470 ,      -0.3637105 ,      -0.3674432
      6.1950470 ,      -0.2882478 ,      -0.2972460
      6.2050470 ,      -0.2276834 ,      -0.2432809
      6.2150470 ,      -0.1854215 ,      -0.2085884
      6.2250480 ,      -0.1636402 ,      -0.1949257
      6.2350480 ,      -0.1631638 ,      -0.2026617
      6.2450480 ,      -0.1833914 ,      -0.2307398
      6.2550480 ,      -0.2223312 ,      -0.2767372
      6.2650490 ,      -0.2767084 ,      -0.3370003
      6.2750490 ,      -0.3421237 ,      -0.4068244
      6.2850490 ,      -0.4133348 ,      -0.4807564
      6.2950490 ,      -0.4845396 ,      -0.5528866
      6.3050490 ,      -0.5497198 ,      -0.6171988
      6.3150500 ,      -0.6030041 ,      -0.6679300
      6.3250500 ,      -0.6390030 ,      -0.6998973
      6.3350500 ,      -0.6531733 ,      -0.7088460
      6.3450500 ,      -0.6420845 ,      -0.6916960
      6.3550510 ,      -0.6036489 ,      -0.6467465
      6.3650510 ,      -0.5372946 ,      -0.5738262
      6.3750510 ,      -0.4440144 ,      -0.4743107
      6.3850510 ,      -0.3263607 ,      -0.3510954
      6.3950510 ,      -0.1883364 ,      -0.2084638
      6.4050520 ,      -0.0351897 ,      -0.0518637
      6.4150520 ,       0.1267871 ,       0.1123036
      6.4250520 ,       0.2906726 ,       0.2771068
      6.4350520 ,       0.4492204 ,       0.4353850
      6.4450530 ,       0.5952718 ,       0.5801540
      6.4550530 ,       0.7220831 ,       0.7049193
      6.4650530 ,       0.8237755 ,       0.8041073
      6.4750530 ,       0.8955930 ,       0.8733009
      6.4850540 ,       0.9341769 ,       0.9094893
      6.4950540 ,       0.9377356 ,       0.9112132
      6.5050540 ,       0.9061622 ,       0.8786584
      6.5150540 ,       0.8410199 ,       0.8136202
      6.5250540 ,       0.7454593 ,       0.7194041
      6.5350550 ,       0.6240301 ,       0.6006272
      6.5450550 ,       0.4824826 ,       0.4630126
      6.5550550 ,       0.3273803 ,       0.3130052
      6.5650550 ,       0.1657904 ,       0.1574692
      6.5750560 ,       0.0048768 ,       0.0032948
      6.5850560 ,      -0.1484171 ,      -0.1429032
      6.5950560 ,      -0.2878284 ,      -0.2752192
      6.6050560 ,      -0.4080301 ,      -0.3886918
      6.6150570 ,      -0.5049197 ,      -0.4795661
      6.6250570 ,      -0.5757729 ,      -0.5454268
      6.6350570 ,      -0.6194096 ,      -0.5853401
      6.6450570 ,      -0.6361723 ,      -0.5998180
      6.6550570 ,      -0.6278676 ,      -0.5907486
      6.6650580 ,      -0.5976106 ,      -0.5612349
      6.6750580 ,      -0.5496139 ,      -0.5153850
      6.6850580 ,      -0.4888844 ,      -0.4580159
      6.6950580 ,      -0.4209069 ,      -0.3943507
      6.7050590 ,      -0.3512867 ,      -0.3296788
      6.7150590 ,      -0.2854272 ,      -0.2690531
      6.7250590 ,      -0.2281565 ,      -0.2169424
      6.7350590 ,      -0.1834627 ,      -0.1769895
      6.7450590 ,      -0.1542501 ,      -0.1517895
      6.7550600 ,      -0.1421700 ,      -0.1427416
      6.7650600 ,      -0.1475332 ,      -0.1499769
      6.7750600 ,      -0.1692952 ,      -0.1723554
      6.7850600 ,      -0.2051371 ,      -0.2075518
      6.7950610 ,      -0.2516204 ,      -0.2522088
      6.8050610 ,      -0.3043861 ,      -0.3021306
      6.8150610 ,      -0.3584570 ,      -0.3525709
      6.8250610 ,      -0.4085298 ,      -0.3985095
      6.8350620 ,      -0.4493125 ,      -0.4349675
      6.8450620 ,      -0.4758381 ,      -0.4573007
      6.8550620 ,      -0.4837987 ,      -0.4615076
      6.8650620 ,      -0.4697988 ,      -0.4444627
      6.8750620 ,      -0.4315783 ,      -0.4041195
      6.8850630 ,      -0.3681566 ,      -0.3396396
      6.8950630 ,      -0.2799400 ,      -0.2514896
      6.9050630 ,      -0.1686834 ,      -0.1413981
      6.9150630 ,      -0.0374369 ,      -0.0123041
      6.9250640 ,       0.1096231 ,       0.1318041
      6.9350640 ,       0.2673459 ,       0.2860286
      6.9450640 ,       0.4299573 ,       0.4448936
      6.9550640 ,       0.5912997 ,       0.6025652
      6.9650650 ,       0.7451760 ,       0.7531719
      6.9750650 ,       0.8856050 ,       0.8910372
      6.9850650 ,       1.0072126 ,       1.0110464
      6.9950650 ,       1.1054335 ,       1.1088307
      7.0050650 ,       1.1767445 ,       1.1809835
      7.0150660 ,       1.2188245 ,       1.2252115
      7.0250660 ,       1.2306334 ,       1.2404069
      7.0350660 ,       1.2124584 ,       1.2266983
      7.0450660 ,       1.1658470 ,       1.1853897
      7.0550670 ,       1.0934905 ,       1.1188598
      7.0650670 ,       0.9990859 ,       1.0304395
      7.0750670 ,       0.8870745 ,       0.9241770
      7.0850670 ,       0.7624190 ,       0.8046370
      7.0950680 ,       0.6303157 ,       0.6766394
      7.1050680 ,       0.4959766 ,       0.5450642
      7.1150680 ,       0.3642909 ,       0.4145372
      7.1250680 ,       0.2396440 ,       0.2892650
      7.1350680 ,       0.1257102 ,       0.1728414
      7.1450690 ,       0.0252967 ,       0.0680961
      7.1550690 ,      -0.0597113 ,      -0.0229565
      7.1650690 ,      -0.1284456 ,      -0.0992228
      7.1750690 ,      -0.1809926 ,      -0.1604771
      7.1850700 ,      -0.2183310 ,      -0.2073195
      7.1950700 ,      -0.2421966 ,      -0.2410579
      7.2050700 ,      -0.2549435 ,      -0.2636000
      7.2150700 ,      -0.2593394 ,      -0.2772710
      7.2250700 ,      -0.2583671 ,      -0.2846407
      7.2350710 ,      -0.2550168 ,      -0.2883408
      7.2450710 ,      -0.2520905 ,      -0.2908860
      7.2550710 ,      -0.2520224 ,      -0.2945142
      7.2650710 ,      -0.2567329 ,      -0.3010472
      7.2750720 ,      -0.2675199 ,      -0.3117861
      7.2850720 ,      -0.2849863 ,      -0.3274362
      7.2950720 ,      -0.3090235 ,      -0.3480821
      7.3050720 ,      -0.3388298 ,      -0.3731912
      7.3150730 ,      -0.3729779 ,      -0.4016630
      7.3250730 ,      -0.4095010 ,      -0.4318951
      7.3350730 ,      -0.4460428 ,      -0.4619072
      7.3450730 ,      -0.4799944 ,      -0.4894566
      7.3550730 ,      -0.5086603 ,      -0.5121817
      7.3650740 ,      -0.5294236 ,      -0.5277479
      7.3750740 ,      -0.5398961 ,      -0.5339841
      7.3850740 ,      -0.5380723 ,      -0.5290240
      7.3950740 ,      -0.5224388 ,      -0.5114120
      7.4050750 ,      -0.4920624 ,      -0.4801921
      7.4150750 ,      -0.4466613 ,      -0.4349855
      7.4250750 ,      -0.3866099 ,      -0.3760059
      7.4350750 ,      -0.3129379 ,      -0.3040746
      7.4450760 ,      -0.2272758 ,      -0.2205830
      7.4550760 ,      -0.1318179 ,      -0.1274750
      7.4650760 ,      -0.0291747 ,      -0.0271200
      7.4750760 ,       0.0777078 ,       0.0777504
      7.4850760 ,       0.1856809 ,       0.1841596
      7.4950770 ,       0.2915335 ,       0.2890139
      7.5050770 ,       0.3920783 ,       0.3891815
      7.5150770 ,       0.4843355 ,       0.4816734
      7.5250770 ,       0.5655982 ,       0.5637107
      7.5350780 ,       0.6335393 ,       0.6328400
      7.5450780 ,       0.6862573 ,       0.6869887
      7.5550780 ,       0.7223669 ,       0.7245726
      7.5650780 ,       0.7409983 ,       0.7445109
      7.5750780 ,       0.7418123 ,       0.7462596
      7.5850790 ,       0.7249855 ,       0.7298143
      7.5950790 ,       0.6911897 ,       0.6957058
      7.6050790 ,       0.6415388 ,       0.6449600
      7.6150790 ,       0.5775402 ,       0.5790580
      7.6250800 ,       0.5010240 ,       0.4998704
      7.6350800 ,       0.4141096 ,       0.4096239
      7.6450800 ,       0.3190915 ,       0.3107807
      7.6550800 ,       0.2184027 ,       0.2059923
      7.6650810 ,       0.1145324 ,       0.0980028
      7.6750810 ,       0.0100078 ,      -0.0103845
      7.6850810 ,      -0.0927239 ,      -0.1164476
      7.6950810 ,      -0.1913050 ,      -0.2175725
      7.7050810 ,      -0.2835227 ,      -0.3113280
      7.7150820 ,      -0.3673576 ,      -0.3955310
      7.7250820 ,      -0.4409870 ,      -0.4682630
      7.7350820 ,      -0.5028662 ,      -0.5279611
      7.7450820 ,      -0.5517222 ,      -0.5734147
      7.7550830 ,      -0.5865878 ,      -0.6037984
      7.7650830 ,      -0.6068080 ,      -0.6186732
      7.7750830 ,      -0.6120749 ,      -0.6180074
      7.7850830 ,      -0.6024211 ,      -0.6021550
      7.7950840 ,      -0.5782226 ,      -0.5718389
      7.8050840 ,      -0.5402056 ,      -0.5281384
      7.8150840 ,      -0.4894194 ,      -0.4724361
      7.8250840 ,      -0.4272235 ,      -0.4063870
      7.8350840 ,      -0.3552564 ,      -0.3318670
      7.8450850 ,      -0.2753887 ,      -0.2509107
      7.8550850 ,      -0.1897092 ,      -0.1656869
      7.8650850 ,      -0.1004224 ,      -0.0783894
      7.8750850 ,      -0.0098194 ,       0.0087913
      7.8850860 ,       0.0798025 ,       0.0937427
      7.8950860 ,       0.1661714 ,       0.1744520
      7.9050860 ,       0.2471599 ,       0.2491079
      7.9150860 ,       0.3208132 ,       0.3161095
      7.9250860 ,       0.3854141 ,       0.3741104
      7.9350870 ,       0.4395383 ,       0.4220495
      7.9450870 ,       0.4820720 ,       0.4591491
      7.9550870 ,       0.5122712 ,       0.4849500
      7.9650870 ,       0.5297534 ,       0.4992880
      7.9750880 ,       0.5345023 ,       0.5022856
      7.9850880 ,       0.5268546 ,       0.4943311
      7.9950880 ,       0.5074755 ,       0.4760512
      8.0050880 ,       0.4773186 ,       0.4482754
      8.0150880 ,       0.4375796 ,       0.4119988
      8.0250880 ,       0.3896429 ,       0.3683425
      8.0350890 ,       0.3350177 ,       0.3185079
      8.0450890 ,       0.2753017 ,       0.2637594
      8.0550890 ,       0.2120901 ,       0.2053582
      8.0650890 ,       0.1469439 ,       0.1445502
      8.0750890 ,       0.0813376 ,       0.0825339
      8.0850900 ,       0.0166139 ,       0.0204334
      8.0950900 ,      -0.0460203 ,      -0.0406940
      8.1050900 ,      -0.1055519 ,      -0.0999065
      8.1150900 ,      -0.1611462 ,      -0.1563592
      8.1250910 ,      -0.2121580 ,      -0.2093194
      8.1350910 ,      -0.2581042 ,      -0.2581455
      8.1450910 ,      -0.2986808 ,      -0.3023177
      8.1550910 ,      -0.3337222 ,      -0.3414135
      8.1650920 ,      -0.3631880 ,      -0.3751140
      8.1750920 ,      -0.3871288 ,      -0.4031879
      8.1850920 ,      -0.4056818 ,      -0.4255104
      8.1950920 ,      -0.4190386 ,      -0.4420476
      8.2050920 ,      -0.4274328 ,      -0.4528600
      8.2150930 ,      -0.4311268 ,      -0.4581017
      8.2250930 ,      -0.4304037 ,      -0.4580184
      8.2350930 ,      -0.4255643 ,      -0.4529475
      8.2450930 ,      -0.4169250 ,      -0.4433114
      8.2550940 ,      -0.4048184 ,      -0.4296093
      8.2650940 ,      -0.3896004 ,      -0.4124127
      8.2750940 ,      -0.3716460 ,      -0.3923430
      8.2850940 ,      -0.3513550 ,      -0.3700583
      8.2950940 ,      -0.3291492 ,      -0.3462316
      8.3050950 ,      -0.3054663 ,      -0.3215242
      8.3150950 ,      -0.2807616 ,      -0.2965702
      8.3250950 ,      -0.2554826 ,      -0.2719359
      8.3350950 ,      -0.2300642 ,      -0.2481049
      8.3450960 ,      -0.2049080 ,      -0.2254522
      8.3550960 ,      -0.1803749 ,      -0.2042357
      8.3650960 ,      -0.1567538 ,      -0.1845718
      8.3750960 ,      -0.1342569 ,      -0.1664406
      8.3850970 ,      -0.1130051 ,      -0.1496868
      8.3950970 ,      -0.0930301 ,      -0.1340393
      8.4050970 ,      -0.0742626 ,      -0.1191228
      8.4150970 ,      -0.0565489 ,      -0.1044937
      8.4250970 ,      -0.0396625 ,      -0.0896749
      8.4350980 ,      -0.0233245 ,      -0.0741937
      8.4450980 ,      -0.0072368 ,      -0.0576307
      8.4550980 ,       0.0088965 ,      -0.0396530
      8.4650980 ,       0.0253291 ,      -0.0200584
      8.4750990 ,       0.0422424 ,       0.0011953
      8.4850990 ,       0.0597085 ,       0.0239582
      8.4950990 ,       0.0776754 ,       0.0478883
      8.5050990 ,       0.0959421 ,       0.0724428
      8.5151000 ,       0.1141549 ,       0.0968963
      8.5251000 ,       0.1318035 ,       0.1203589
      8.5351000 ,       0.1482476 ,       0.1418307
      8.5451000 ,       0.1627370 ,       0.1602443
      8.5551000 ,       0.1744526 ,       0.1745286
      8.5651010 ,       0.1825552 ,       0.1836754
      8.5751010 ,       0.1862382 ,       0.1868057
      8.5851010 ,       0.1847923 ,       0.1832421
      8.5951010 ,       0.1776613 ,       0.1725648
      8.6051020 ,       0.1644977 ,       0.1546610
      8.6151020 ,       0.1452174 ,       0.1297690
      8.6251020 ,       0.1200287 ,       0.0984863
      8.6351020 ,       0.0894600 ,       0.0617760
      8.6451030 ,       0.0543606 ,       0.0209401
      8.6551030 ,       0.0159019 ,      -0.0224045
      8.6651030 ,      -0.0244763 ,      -0.0664111
      8.6751030 ,      -0.0651031 ,      -0.1090648
      8.6851030 ,      -0.1041477 ,      -0.1482760
      8.6951040 ,      -0.1397050 ,      -0.1819838
      8.7051040 ,      -0.1698734 ,      -0.2082458
      8.7151040 ,      -0.1928735 ,      -0.2253604
      8.7251040 ,      -0.2071311 ,      -0.2319471
      8.7351050 ,      -0.2113722 ,      -0.2270310
      8.7451050 ,      -0.2047034 ,      -0.2101098
      8.7551050 ,      -0.1866796 ,      -0.1811942
      8.7651050 ,      -0.1573461 ,      -0.1408265
      8.7751050 ,      -0.1172611 ,      -0.0900736
      8.7851060 ,      -0.0674861 ,      -0.0304859
      8.7951060 ,      -0.0095767 ,       0.0359363
      8.8051060 ,       0.0545024 ,       0.1068610
      8.8151060 ,       0.1224374 ,       0.1797011
      8.8251070 ,       0.1916737 ,       0.2517407
      8.8351070 ,       0.2595013 ,       0.3202282
      8.8451070 ,       0.3232171 ,       0.3825422
      8.8551070 ,       0.3802216 ,       0.4362811
      8.8651080 ,       0.4281497 ,       0.4793807
      8.8751080 ,       0.4649624 ,       0.5101889
      8.8851080 ,       0.4890689 ,       0.5275608
      8.8951080 ,       0.4993793 ,       0.5308848
      8.9051080 ,       0.4953573 ,       0.5201051
      8.9151090 ,       0.4770373 ,       0.4957095
      8.9251090 ,       0.4450256 ,       0.4587038
      8.9351090 ,       0.4004528 ,       0.4105377
      8.9451090 ,       0.3449189 ,       0.3530320
      8.9551100 ,       0.2804020 ,       0.2882750
      8.9651100 ,       0.2091849 ,       0.2185429
      8.9751100 ,       0.1337047 ,       0.1461510
      8.9851100 ,       0.0564620 ,       0.0733721
      8.9951110 ,      -0.0201075 ,       0.0023238
      9.0051110 ,      -0.0937096 ,      -0.0650885
      9.0151110 ,      -0.1623310 ,      -0.1272828
      9.0251110 ,      -0.2242832 ,      -0.1830185
      9.0351110 ,      -0.2782642 ,      -0.2314285
      9.0451120 ,      -0.3233914 ,      -0.2720239
      9.0551120 ,      -0.3591892 ,      -0.3046588
      9.0651120 ,      -0.3855973 ,      -0.3295141
      9.0751120 ,      -0.4029109 ,      -0.3470257
      9.0851130 ,      -0.4117282 ,      -0.3578221
      9.0951130 ,      -0.4128755 ,      -0.3626481
      9.1051130 ,      -0.4073332 ,      -0.3622967
      9.1151130 ,      -0.3961496 ,      -0.3575348
      9.1251130 ,      -0.3803638 ,      -0.3490443
      9.1351140 ,      -0.3609332 ,      -0.3373735
      9.1451140 ,      -0.3386856 ,      -0.3229111
      9.1551140 ,      -0.3142670 ,      -0.3058666
      9.1651140 ,      -0.2881278 ,      -0.2862807
      9.1751150 ,      -0.2605167 ,      -0.2640449
      9.1851150 ,      -0.2315095 ,      -0.2389506
      9.1951150 ,      -0.2010270 ,      -0.2107267
      9.2051150 ,      -0.1688955 ,      -0.1791077
      9.2151160 ,      -0.1348981 ,      -0.1438911
      9.2251160 ,      -0.0988531 ,      -0.1050127
      9.2351160 ,      -0.0606562 ,      -0.0625795
      9.2451160 ,      -0.0203518 ,      -0.0169265
      9.2551160 ,       0.0218233 ,       0.0313596
      9.2651170 ,       0.0654116 ,       0.0814357
      9.2751170 ,       0.1097029 ,       0.1321930
      9.2851170 ,       0.1537655 ,       0.1823173
      9.2951170 ,       0.1964543 ,       0.2303195
      9.3051180 ,       0.2364643 ,       0.2746100
      9.3151180 ,       0.2723764 ,       0.3135610
      9.3251180 ,       0.3027574 ,       0.3456206
      9.3351180 ,       0.3262287 ,       0.3693849
      9.3451190 ,       0.3415590 ,       0.3836910
      9.3551190 ,       0.3477459 ,       0.3876921
      9.3651190 ,       0.3441026 ,       0.3809312
      9.3751190 ,       0.3303156 ,       0.3633819
      9.3851190 ,       0.3064930 ,       0.3354759
      9.3951200 ,       0.2731847 ,       0.2980999
      9.4051200 ,       0.2313971 ,       0.2525877
      9.4151200 ,       0.1825466 ,       0.2006497
      9.4251200 ,       0.1284226 ,       0.1443161
      9.4351210 ,       0.0711051 ,       0.0858382
      9.4451210 ,       0.0128966 ,       0.0276090
      9.4551210 ,      -0.0438190 ,      -0.0279852
      9.4651210 ,      -0.0966686 ,      -0.0786556
      9.4751210 ,      -0.1434116 ,      -0.1223280
      9.4851220 ,      -0.1820559 ,      -0.1572464
      9.4951220 ,      -0.2109445 ,      -0.1820452
      9.5051220 ,      -0.2288635 ,      -0.1958352
      9.5151220 ,      -0.2350884 ,      -0.1982293
      9.5251230 ,      -0.2294249 ,      -0.1893600
      9.5351230 ,      -0.2122227 ,      -0.1698716
      9.5451230 ,      -0.1843539 ,      -0.1408767
      9.5551230 ,      -0.1471692 ,      -0.1038969
      9.5651240 ,      -0.1024233 ,      -0.0607763
      9.5751240 ,      -0.0522044 ,      -0.0136028
      9.5851240 ,       0.0011993 ,       0.0354251
      9.5951240 ,       0.0553957 ,       0.0840905
      9.6051240 ,       0.1080111 ,       0.1302699
      9.6151250 ,       0.1568085 ,       0.1720351
      9.6251250 ,       0.1997717 ,       0.2077219
      9.6351250 ,       0.2352237 ,       0.2360222
      9.6451250 ,       0.2618750 ,       0.2560119
      9.6551260 ,       0.2788744 ,       0.2671782
      9.6651260 ,       0.2858241 ,       0.2694159
      9.6751260 ,       0.2827843 ,       0.2630100
      9.6851260 ,       0.2702364 ,       0.2485881
      9.6951270 ,       0.2490323 ,       0.2270602
      9.7051270 ,       0.2203359 ,       0.1995567
      9.7151270 ,       0.1855299 ,       0.1673377
      9.7251270 ,       0.1461356 ,       0.1317213
      9.7351270 ,       0.1037226 ,       0.0940062
      9.7451280 ,       0.0598193 ,       0.0554000
      9.7551280 ,       0.0158546 ,       0.0169794
      9.7651280 ,      -0.0269300 ,      -0.0203731
      9.7751280 ,      -0.0675093 ,      -0.0559770
      9.7851290 ,      -0.1051082 ,      -0.0893659
      9.7951290 ,      -0.1391946 ,      -0.1202632
      9.8051290 ,      -0.1694905 ,      -0.1485755
      9.8151290 ,      -0.1959289 ,      -0.1743400
      9.8251300 ,      -0.2186177 ,      -0.1976832
      9.8351300 ,      -0.2377802 ,      -0.2187605
      9.8451300 ,      -0.2537123 ,      -0.2377198
      9.8551300 ,      -0.2667164 ,      -0.2546451
      9.8651300 ,      -0.2770523 ,      -0.2695226
      9.8751310 ,      -0.2848939 ,      -0.2822159
      9.8851310 ,      -0.2902957 ,      -0.2924511
      9.8951310 ,      -0.2931813 ,      -0.2998289
      9.9051310 ,      -0.2933396 ,      -0.3038401
      9.9151320 ,      -0.2904415 ,      -0.3039021
      9.9251320 ,      -0.2840729 ,      -0.2994062
      9.9351320 ,      -0.2737767 ,      -0.2897740
      9.9451320 ,      -0.2591074 ,      -0.2745179
      9.9551320 ,      -0.2396897 ,      -0.2533024
      9.9651330 ,      -0.2152746 ,      -0.2259972
      9.9751330 ,      -0.1858052 ,      -0.1927364
      9.9851330 ,      -0.1514477 ,      -0.1539358
      9.9951330 ,      -0.1126338 ,      -0.1103204
     10.0051300 ,      -0.0700881 ,      -0.0629346
     10.0151300 ,      -0.0247731 ,      -0.0130627
     10.0251300 ,       0.0220552 ,       0.0377279
     10.0351300 ,       0.0689395 ,       0.0877025
     10.0451300 ,       0.1142687 ,       0.1350220
     10.0551300 ,       0.1563517 ,       0.1778302
     10.0651400 ,       0.1935371 ,       0.2143812
     10.0751400 ,       0.2241605 ,       0.2429960
     10.0851400 ,       0.2468611 ,       0.2623752
     10.0951400 ,       0.2605132 ,       0.2715272
     10.1051400 ,       0.2643408 ,       0.2698740
     10.1151400 ,       0.2579776 ,       0.2572995
     10.1251400 ,       0.2415064 ,       0.2341727
     10.1351400 ,       0.2154752 ,       0.2013476
     10.1451400 ,       0.1808885 ,       0.1601359
     10.1551400 ,       0.1391735 ,       0.1122562
     10.1651400 ,       0.0921215 ,       0.0597591
     10.1751400 ,       0.0418094 ,       0.0049345
     10.1851400 ,      -0.0094981 ,      -0.0497965
     10.1951400 ,      -0.0594565 ,      -0.1019971
     10.2051400 ,      -0.1057572 ,      -0.1493338
     10.2151400 ,      -0.1462430 ,      -0.1896903
     10.2251400 ,      -0.1790162 ,      -0.2212715
     10.2351400 ,      -0.2025354 ,      -0.2426918
     10.2451400 ,      -0.2156936 ,      -0.2530420
     10.2551400 ,      -0.2178740 ,      -0.2519319
     10.2651400 ,      -0.2089807 ,      -0.2395059
     10.2751400 ,      -0.1894412 ,      -0.2164317
     10.2851400 ,      -0.1601831 ,      -0.1838610
     10.2951400 ,      -0.1225830 ,      -0.1433670
     10.3051400 ,      -0.0783944 ,      -0.0968595
     10.3151400 ,      -0.0296551 ,      -0.0464854
     10.3251400 ,       0.0214183 ,       0.0054829
     10.3351400 ,       0.0725428 ,       0.0567621
     10.3451400 ,       0.1214844 ,       0.1051722
     10.3551400 ,       0.1661668 ,       0.1487411
     10.3651400 ,       0.2047705 ,       0.1857969
     10.3751400 ,       0.2358151 ,       0.2150414
     10.3851400 ,       0.2582216 ,       0.2356018
     10.3951400 ,       0.2713518 ,       0.2470581
     10.4051400 ,       0.2750231 ,       0.2494461
     10.4151400 ,       0.2694982 ,       0.2432356
     10.4251400 ,       0.2554524 ,       0.2292857
     10.4351400 ,       0.2339194 ,       0.2087823
     10.4451400 ,       0.2062215 ,       0.1831586
     10.4551400 ,       0.1738869 ,       0.1540073
     10.4651400 ,       0.1385610 ,       0.1229868
     10.4751400 ,       0.1019156 ,       0.0917286
     10.4851400 ,       0.0655632 ,       0.0617509
     10.4951400 ,       0.0309788 ,       0.0343822
