Q , F(Q)_RMC, F(Q)_Expt
  0.50499980000000000       ,   -2.9562838545077312       ,   -2.0416134552976826     
  0.51499980000000001       ,   -3.0725297745717342       ,   -2.3419191457027702     
  0.52499980000000002       ,   -3.1269231820338179       ,   -2.5723993104210501     
  0.53499980000000003       ,   -3.1170737950229110       ,   -2.7276347967402974     
  0.54499980000000003       ,   -3.0449683431627985       ,   -2.8070339341371211     
  0.55499980000000004       ,   -2.9167458072366284       ,   -2.8146671913579944     
  0.56499980000000005       ,   -2.7422066238397891       ,   -2.7588126717694443     
  0.57499970000000000       ,   -2.5340946914298543       ,   -2.6512509574696175     
  0.58499970000000001       ,   -2.3071896482950152       ,   -2.5063540326222702     
  0.59499970000000002       ,   -2.0773028109956777       ,   -2.3400494509607275     
  0.60499970000000003       ,   -1.8602020736384026       ,   -2.1687081560546035     
  0.61499970000000004       ,   -1.6705664255401138       ,   -2.0080443659083871     
  0.62499970000000005       ,   -1.5210254593979597       ,   -1.8720927108405552     
  0.63499969999999994       ,   -1.4213466602600933       ,   -1.7723276095884364     
  0.64499969999999995       ,   -1.3778210259042867       ,   -1.7169784290985091     
  0.65499969999999996       ,   -1.3928842017096130       ,   -1.7105801762505479     
  0.66499969999999997       ,   -1.4649947616143604       ,   -1.7537834080410293     
  0.67499969999999998       ,   -1.5887745374434812       ,   -1.8434297801912860     
  0.68499960000000004       ,   -1.7553972159142412       ,   -1.9728808373749995     
  0.69499960000000005       ,   -1.9532081943968618       ,   -2.1325813144928545     
  0.70499959999999995       ,   -2.1685076462509509       ,   -2.3107947947160641     
  0.71499959999999996       ,   -2.3864777215988133       ,   -2.4944851146154323     
  0.72499959999999997       ,   -2.5921689373992418       ,   -2.6702640539709717     
  0.73499959999999998       ,   -2.7714907077330024       ,   -2.8253479882461634     
  0.74499959999999998       ,   -2.9121405643437468       ,   -2.9484584780887264     
  0.75499959999999999       ,   -3.0044125023101000       ,   -3.0306075041394847     
  0.76499960000000000       ,   -3.0418330376318155       ,   -3.0657164524167539     
  0.77499960000000001       ,   -3.0215849037834808       ,   -3.0510295342865135     
  0.78499949999999996       ,   -2.9446931394059241       ,   -2.9872971712658916     
  0.79499949999999997       ,   -2.8159568701624296       ,   -2.8787146349292394     
  0.80499949999999998       ,   -2.6436448380518245       ,   -2.7326328428682283     
  0.81499949999999999       ,   -2.4389595575385474       ,   -2.5590497105976420     
  0.82499950000000000       ,   -2.2153149236433176       ,   -2.3699256290564872     
  0.83499950000000001       ,   -1.9874701431222173       ,   -2.1783666712305769     
  0.84499950000000001       ,   -1.7705757037553496       ,   -1.9977306518730669     
  0.85499950000000002       ,   -1.5791919130832230       ,   -1.8407153978192823     
  0.86499950000000003       ,   -1.4263420151131463       ,   -1.7184893394496490     
  0.87499950000000004       ,   -1.3226594778454757       ,   -1.6399214004911782     
  0.88499950000000005       ,   -1.2756829165964181       ,   -1.6109603822455225     
  0.89499940000000000       ,   -1.2893422457337116       ,   -1.6342035854613768     
  0.90499940000000001       ,   -1.3636700431911493       ,   -1.7086848993980435     
  0.91499940000000002       ,   -1.4947523959876667       ,   -1.8298911047514328     
  0.92499940000000003       ,   -1.6749247935634595       ,   -1.9900097566119643     
  0.93499940000000004       ,   -1.8932002997558341       ,   -2.1783904171957253     
  0.94499940000000004       ,   -2.1359030111056496       ,   -2.3821899052868756     
  0.95499940000000005       ,   -2.3874678758639094       ,   -2.5871603089455335     
  0.96499939999999995       ,   -2.6313577516892366       ,   -2.7785295769712990     
  0.97499939999999996       ,   -2.8510416572359527       ,   -2.9419188619355148     
  0.98499939999999997       ,   -3.0309747553684097       ,   -3.0642387349023239     
  0.99499930000000003       ,   -3.1575199141814752       ,   -3.1345076166803025     
   1.0049990000000000       ,   -3.2197611803076693       ,   -3.1445451421134170     
   1.0149990000000000       ,   -3.2101505046608469       ,   -3.0894865020723228     
   1.0249990000000000       ,   -3.1249522460878603       ,   -2.9681004599465477     
   1.0349990000000000       ,   -2.9644774698779450       ,   -2.7828867751119843     
   1.0449990000000000       ,   -2.7330712579217638       ,   -2.5399439456645720     
   1.0549990000000000       ,   -2.4388696073696892       ,   -2.2486214794891404     
   1.0649990000000000       ,   -2.0933397240528522       ,   -1.9209783728463303     
   1.0749990000000000       ,   -1.7106332559998434       ,   -1.5710825992242163     
   1.0849990000000000       ,   -1.3067929088979224       ,   -1.2141959907842372     
   1.0949990000000001       ,  -0.89886117032639179       ,  -0.86589558462906058     
   1.1049990000000001       ,  -0.50394506558339103       ,  -0.54118591248045056     
   1.1149990000000001       ,  -0.13829269542430361       ,  -0.25365665406106835     
   1.1249990000000001       ,   0.18356430143314595       ,   -1.4736592577392717E-002
   1.1349990000000001       ,   0.44955311244679552       ,   0.16691183641573187     
   1.1449990000000001       ,   0.65064552362534933       ,   0.28582246676414719     
   1.1549990000000001       ,   0.78125591873474365       ,   0.33995629693304230     
   1.1649989999999999       ,   0.83943229582084711       ,   0.33072263347073244     
   1.1749989999999999       ,   0.82683402755742064       ,   0.26279303520782477     
   1.1849989999999999       ,   0.74850317216651341       ,   0.14372354383969568     
   1.1949989999999999       ,   0.61244854922522274       ,   -1.6587543687956272E-002
   1.2049989999999999       ,   0.42907276709108455       ,  -0.20656923441703173     
   1.2149989999999999       ,   0.21048126520238442       ,  -0.41373023654522134     
   1.2249989999999999       ,   -3.0281303543290505E-002  ,  -0.62544527588320364     
   1.2349990000000000       ,  -0.28001872353351764       ,  -0.82972517466890650     
   1.2449990000000000       ,  -0.52614608560348364       ,   -1.0159225213092624     
   1.2549990000000000       ,  -0.75738193951375288       ,   -1.1753297984539877     
   1.2649990000000000       ,  -0.96432950173026355       ,   -1.3016345640120244     
   1.2749990000000000       ,   -1.1399148091396569       ,   -1.3912061613343190     
   1.2849990000000000       ,   -1.2796596766190742       ,   -1.4431998039771812     
   1.2949990000000000       ,   -1.3817784603527274       ,   -1.4594759819099956     
   1.3049990000000000       ,   -1.4470992129231444       ,   -1.4443451756193613     
   1.3149990000000000       ,   -1.4788210874749339       ,   -1.4041590611174966     
   1.3249990000000000       ,   -1.4821300856973012       ,   -1.3467790246308458     
   1.3349990000000000       ,   -1.4637038050640028       ,   -1.2809602723180391     
   1.3449990000000001       ,   -1.4311422002224403       ,   -1.2156946571593963     
   1.3549990000000001       ,   -1.3923651579561545       ,   -1.1595572679875903     
   1.3649990000000001       ,   -1.3550186941694813       ,   -1.1201007436231367     
   1.3749990000000001       ,   -1.3259297982367801       ,   -1.1033372949252638     
   1.3849990000000001       ,   -1.3106455410488573       ,   -1.1133418348906825     
   1.3949990000000001       ,   -1.3130853643053562       ,   -1.1520008954443812     
   1.4049990000000001       ,   -1.3353269622363693       ,   -1.2189217494557543     
   1.4149989999999999       ,   -1.3775364481707462       ,   -1.3115050541447060     
   1.4249989999999999       ,   -1.4380432352218342       ,   -1.4251731336671611     
   1.4349989999999999       ,   -1.5135499491791422       ,   -1.5537354711670399     
   1.4449989999999999       ,   -1.5994584111252932       ,   -1.6898637824551093     
   1.4549989999999999       ,   -1.6902848938087121       ,   -1.8256417992792713     
   1.4649989999999999       ,   -1.7801319835538405       ,   -1.9531500712921877     
   1.4749989999999999       ,   -1.8631808471952780       ,   -2.0650440102553782     
   1.4849990000000000       ,   -1.9341667303534313       ,   -2.1550841727587331     
   1.4949990000000000       ,   -1.9888021454713549       ,   -2.2185813434108814     
   1.5049990000000000       ,   -2.0241163164297431       ,   -2.2527250883501373     
   1.5149990000000000       ,   -2.0386857365537630       ,   -2.2567726801007799     
   1.5249990000000000       ,   -2.0327387282418541       ,   -2.2320850901904516     
   1.5349990000000000       ,   -2.0081261093149290       ,   -2.1820074435277577     
   1.5449990000000000       ,   -1.9681598389665336       ,   -2.1116022071487883     
   1.5549990000000000       ,   -1.9173311640476898       ,   -2.0272537128694492     
   1.5649990000000000       ,   -1.8609286517727255       ,   -1.9361716926471522     
   1.5749990000000000       ,   -1.8045839674485462       ,   -1.8458287236198601     
   1.5849990000000000       ,   -1.7537788179096983       ,   -1.7633713463336240     
   1.5949990000000001       ,   -1.7133497425272608       ,   -1.6950467993132072     
   1.6049990000000001       ,   -1.6870281567143204       ,   -1.6456866480356200     
   1.6149990000000001       ,   -1.6770511698155146       ,   -1.6182851067417587     
   1.6249990000000001       ,   -1.6838743164645125       ,   -1.6137037739946192     
   1.6349990000000001       ,   -1.7060107321233473       ,   -1.6305262167232843     
   1.6449990000000001       ,   -1.7400128942899935       ,   -1.6650758795421869     
   1.6549990000000001       ,   -1.7806033887331634       ,   -1.7115998161993551     
   1.6649989999999999       ,   -1.8209508809178727       ,   -1.7626094587469026     
   1.6749989999999999       ,   -1.8530772590002740       ,   -1.8093588022186389     
   1.6849989999999999       ,   -1.8683724510872151       ,   -1.8424307087122531     
   1.6949989999999999       ,   -1.8581853480148884       ,   -1.8523941739952066     
   1.7049989999999999       ,   -1.8144531410581846       ,   -1.8304898874932725     
   1.7149989999999999       ,   -1.7303276473577074       ,   -1.7692986391347594     
   1.7249989999999999       ,   -1.6007561290342742       ,   -1.6633472955326583     
   1.7349990000000000       ,   -1.4229758287954510       ,   -1.5096102054740288     
   1.7449990000000000       ,   -1.1968858795769814       ,   -1.3078698308162842     
   1.7549990000000000       ,  -0.92526715571202534       ,   -1.0609087817506064     
   1.7649990000000000       ,  -0.61382961265208591       ,  -0.77451575253631944     
   1.7749990000000000       ,  -0.27107716733773080       ,  -0.45729946416796252     
   1.7849990000000000       ,    9.2008446968893987E-002  ,  -0.12031689456763038     
   1.7949990000000000       ,   0.46245187254583020       ,   0.22346595695381186     
   1.8049990000000000       ,   0.82591241147473538       ,   0.55985153118001219     
   1.8149990000000000       ,    1.1674227482466919       ,   0.87418784647803360     
   1.8249990000000000       ,    1.4721966668383044       ,    1.1521997441270322     
   1.8349990000000000       ,    1.7264589601888907       ,    1.3808244161031074     
   1.8449990000000001       ,    1.9182481784984302       ,    1.5490001923574650     
   1.8549990000000001       ,    2.0381433214484934       ,    1.6483595350068263     
   1.8649990000000001       ,    2.0798690658955419       ,    1.6737822352862091     
   1.8749990000000001       ,    2.0407404636294246       ,    1.6237726519810243     
   1.8849990000000001       ,    1.9219168925124515       ,    1.5006350067707857     
   1.8949990000000001       ,    1.7284458883324032       ,    1.3104326528225274     
   1.9049990000000001       ,    1.4690896845256507       ,    1.0627301366872699     
   1.9149989999999999       ,    1.1559401125464830       ,   0.77012999144006111     
   1.9249989999999999       ,   0.80384019100382653       ,   0.44762872398480502     
   1.9349989999999999       ,   0.42964248220441403       ,   0.11182761611643863     
   1.9449989999999999       ,    5.1344395160537570E-002  ,  -0.21995694814248573     
   1.9549980000000000       ,  -0.31281644448856905       ,  -0.53060299231055108     
   1.9649980000000000       ,  -0.64546842892060463       ,  -0.80423895790961553     
   1.9749980000000000       ,  -0.93081357794540087       ,   -1.0269285616062827     
   1.9849980000000000       ,   -1.1556189623358706       ,   -1.1875613376005358     
   1.9949980000000000       ,   -1.3098858013846668       ,   -1.2784256768085971     
   2.0049980000000001       ,   -1.3873786586066061       ,   -1.2956213197177224     
   2.0149979999999998       ,   -1.3859457140219877       ,   -1.2392540010024751     
   2.0249980000000001       ,   -1.3076104936450519       ,   -1.1134001776503923     
   2.0349979999999999       ,   -1.1584286628673750       ,  -0.92584338267725574     
   2.0449980000000001       ,  -0.94811718315576099       ,  -0.68759731446325600     
   2.0549979999999999       ,  -0.68947647652318245       ,  -0.41224347760293539     
   2.0649980000000001       ,  -0.39763844221346401       ,  -0.11512226601707733     
   2.0749979999999999       ,   -8.9183492795954250E-002  ,   0.18757484825531232     
   2.0849980000000001       ,   0.21882240023112559       ,   0.47975841918645584     
   2.0949979999999999       ,   0.50981481344194368       ,   0.74638308050881164     
   2.1049980000000001       ,   0.76868471947771067       ,   0.97432282828300598     
   2.1149979999999999       ,   0.98264346903966926       ,    1.1531277635047046     
   2.1249980000000002       ,    1.1419483858424435       ,    1.2756175716886957     
   2.1349980000000000       ,    1.2404465280103070       ,    1.3382767335146575     
   2.1449980000000002       ,    1.2759047612447063       ,    1.3414282663051824     
   2.1549980000000000       ,    1.2501067765944418       ,    1.2891759823428113     
   2.1649980000000002       ,    1.1687113338108026       ,    1.1891190267652072     
   2.1749980000000000       ,    1.0408800155741640       ,    1.0518560007729421     
   2.1849980000000002       ,   0.87869631235672285       ,   0.89030847653601042     
   2.1949980000000000       ,   0.69641012410051983       ,   0.71890442419929601     
   2.2049979999999998       ,   0.50955204023447198       ,   0.55267036338467812     
   2.2149980000000000       ,   0.33396943897216413       ,   0.40628643294029093     
   2.2249979999999998       ,   0.18484107935761429       ,   0.29316073031187878     
   2.2349980000000000       ,    7.5728174583566510E-002  ,   0.22457808633229534     
   2.2449979999999998       ,    1.7717858138101894E-002  ,   0.20897399286352272     
   2.2549980000000001       ,    1.8709610733797399E-002  ,   0.25137696410521143     
   2.2649979999999998       ,    8.2886923070513152E-002  ,   0.35305263868653769     
   2.2749980000000001       ,   0.21040571716550227       ,   0.51137101875118196     
   2.2849979999999999       ,   0.39731847013699162       ,   0.71990510595758850     
   2.2949980000000001       ,   0.63573931691134278       ,   0.96875561324001014     
   2.3049979999999999       ,   0.91424145142358371       ,    1.2450832076516518     
   2.3149980000000001       ,    1.2184647123574845       ,    1.5338176497779923     
   2.3249979999999999       ,    1.5318991080676745       ,    1.8185029429954020     
   2.3349980000000001       ,    1.8367999051018820       ,    2.0822297816989286     
   2.3449979999999999       ,    2.1151823544980095       ,    2.3086016343453615     
   2.3549980000000001       ,    2.3498395851453422       ,    2.4826789849618356     
   2.3649979999999999       ,    2.5253259020388468       ,    2.5918476688140450     
   2.3749980000000002       ,    2.6288497467584704       ,    2.6265617672201742     
   2.3849980000000000       ,    2.6510257730781248       ,    2.5809188841364001     
   2.3949980000000002       ,    2.5864435443888687       ,    2.4530353613537881     
   2.4049980000000000       ,    2.4340207909040452       ,    2.2452005137685891     
   2.4149980000000002       ,    2.1971213593726704       ,    1.9638015968321039     
   2.4249980000000000       ,    1.8834312359459333       ,    1.6190242138880397     
   2.4349980000000002       ,    1.5045995596271879       ,    1.2243454782971190     
   2.4449980000000000       ,    1.0756645961035260       ,   0.79584874287000973     
   2.4549979999999998       ,   0.61429647242618335       ,   0.35139845017758309     
   2.4649980000000000       ,   0.13989842303690680       ,   -9.0278894117567551E-002
   2.4749979999999998       ,  -0.32738417637890327       ,  -0.51055686168605685     
   2.4849980000000000       ,  -0.76769300671290552       ,  -0.89186175210721808     
   2.4949979999999998       ,   -1.1624686037936880       ,   -1.2185642906705707     
   2.5049980000000001       ,   -1.4953905828371652       ,   -1.4777629192060195     
   2.5149979999999998       ,   -1.7531965545479884       ,   -1.6599178258232843     
   2.5249980000000001       ,   -1.9263371297960072       ,   -1.7593036297560496     
   2.5349979999999999       ,   -2.0094337921409435       ,   -1.7742590399481493     
   2.5449980000000001       ,   -2.0015174899752837       ,   -1.7072232193236938     
   2.5549979999999999       ,   -1.9060379158177700       ,   -1.5645603444797351     
   2.5649980000000001       ,   -1.7306459052243983       ,   -1.3561852812949928     
   2.5749979999999999       ,   -1.4867635014061831       ,   -1.0950137633122350     
   2.5849980000000001       ,   -1.1889673274659798       ,  -0.79626939500674454     
   2.5949979999999999       ,  -0.85422039127017257       ,  -0.47668674150445639     
   2.6049980000000001       ,  -0.50099482758959246       ,  -0.15365437186372669     
   2.6149979999999999       ,  -0.14833299746798440       ,   0.15565620036334141     
   2.6249980000000002       ,   0.18510339742915086       ,   0.43513023241191195     
   2.6349980000000000       ,   0.48194702451870686       ,   0.67047564238818225     
   2.6449980000000002       ,   0.72695542605758057       ,   0.84987778505758982     
   2.6549980000000000       ,   0.90771781801224782       ,   0.96451287932587881     
   2.6649980000000002       ,    1.0152052245035321       ,    1.0088983136656233     
   2.6749980000000000       ,    1.0441400816119546       ,   0.98106739814718258     
   2.6849980000000002       ,   0.99317153475078501       ,   0.88256580110351024     
   2.6949980000000000       ,   0.86485315774791993       ,   0.71827635124720268     
   2.7049979999999998       ,   0.66543014976311277       ,   0.49608758292374855     
   2.7149980000000000       ,   0.40445265889027304       ,   0.22642889738355873     
   2.7249979999999998       ,    9.4240240750181725E-002  ,   -7.8298861128974273E-002
   2.7349980000000000       ,  -0.25077082360966302       ,  -0.40436452021549918     
   2.7449979999999998       ,  -0.61476085553632842       ,  -0.73738436940223018     
   2.7549980000000001       ,  -0.98130161236628644       ,   -1.0630014847020874     
   2.7649979999999998       ,   -1.3341330206263116       ,   -1.3675332232974735     
   2.7749980000000001       ,   -1.6579038431481565       ,   -1.6385570006279115     
   2.7849979999999999       ,   -1.9388418738164661       ,   -1.8654093486238779     
   2.7949980000000001       ,   -2.1653244445374114       ,   -2.0395791922661299     
   2.8049979999999999       ,   -2.3283264853848209       ,   -2.1549828719159905     
   2.8149980000000001       ,   -2.4217306813991542       ,   -2.2081152650957740     
   2.8249979999999999       ,   -2.4424919725952572       ,   -2.1980780183883355     
   2.8349980000000001       ,   -2.3906563031118022       ,   -2.1264920177902971     
   2.8449979999999999       ,   -2.2692407243351091       ,   -1.9973064903131539     
   2.8549980000000001       ,   -2.0839883292521288       ,   -1.8165212996617870     
   2.8649979999999999       ,   -1.8430167450159587       ,   -1.5918419168410094     
   2.8749980000000002       ,   -1.5563828250906027       ,   -1.3322881435802032     
   2.8849980000000000       ,   -1.2355886401811611       ,   -1.0477779611196669     
   2.8949980000000002       ,  -0.89305484048121175       ,  -0.74870696855183061     
   2.9049980000000000       ,  -0.54158701168008694       ,  -0.44554193192944253     
   2.9149980000000002       ,  -0.19385891426879759       ,  -0.14844420929829560     
   2.9249980000000000       ,   0.13806631399982480       ,   0.13306449613147461     
   2.9349980000000002       ,   0.44315954510420275       ,   0.39038520142751648     
   2.9449980000000000       ,   0.71178036259745103       ,   0.61606829403920194     
   2.9549979999999998       ,   0.93595422611965429       ,   0.80398193015834074     
   2.9649980000000000       ,    1.1095676389868814       ,   0.94942331798887403     
   2.9749979999999998       ,    1.2284809712998692       ,    1.0491764198157432     
   2.9849980000000000       ,    1.2905622149264073       ,    1.1015213359049900     
   2.9949979999999998       ,    1.2956479285944495       ,    1.1062016639673469     
   3.0049969999999999       ,    1.2454475618909386       ,    1.0643629293903212     
   3.0149970000000001       ,    1.1433599952316207       ,   0.97843412728352075     
   3.0249969999999999       ,   0.99430289261500449       ,   0.85203307023091623     
   3.0349970000000002       ,   0.80446372820187795       ,   0.68981554685240687     
   3.0449970000000000       ,   0.58104540424106033       ,   0.49732387521821819     
   3.0549970000000002       ,   0.33199641506632377       ,   0.28082135852034618     
   3.0649970000000000       ,    6.5736103165380838E-002  ,    4.7116214672232648E-002
   3.0749970000000002       ,  -0.20911798678844745       ,  -0.19662390424720302     
   3.0849970000000000       ,  -0.48401484437252573       ,  -0.44306585294001721     
   3.0949970000000002       ,  -0.75072204111432561       ,  -0.68491217292696827     
   3.1049970000000000       ,   -1.0015611004567146       ,  -0.91510759570970401     
   3.1149969999999998       ,   -1.2296227092705350       ,   -1.1270478994924580     
   3.1249970000000000       ,   -1.4289585188697473       ,   -1.3147868458499210     
   3.1349969999999998       ,   -1.5947462748947872       ,   -1.4732355118562579     
   3.1449970000000000       ,   -1.7234248462937960       ,   -1.5983469820508027     
   3.1549969999999998       ,   -1.8127954963978341       ,   -1.6872782483479707     
   3.1649970000000001       ,   -1.8620855709942077       ,   -1.7385204529378551     
   3.1749969999999998       ,   -1.8719707890667192       ,   -1.7519884456522035     
   3.1849970000000001       ,   -1.8445526210149885       ,   -1.7290611235034434     
   3.1949969999999999       ,   -1.7832879140184057       ,   -1.6725652389857890     
   3.2049970000000001       ,   -1.6928690296001074       ,   -1.5866973124862906     
   3.2149969999999999       ,   -1.5790543089117743       ,   -1.4768809103039529     
   3.2249970000000001       ,   -1.4484506465006610       ,   -1.3495597414817269     
   3.2349969999999999       ,   -1.3082522573008530       ,   -1.2119306176545719     
   3.2449970000000001       ,   -1.1659422454824273       ,   -1.0716240989565808     
   3.2549969999999999       ,   -1.0289661726203037       ,  -0.93634437209637378     
   3.2649970000000001       ,  -0.90438929524841938       ,  -0.81348331418207409     
   3.2749969999999999       ,  -0.79855130350467907       ,  -0.70972652958756477     
   3.2849970000000002       ,  -0.71673404931401374       ,  -0.63067116910551324     
   3.2949970000000000       ,  -0.66285872641555121       ,  -0.58047635092845096     
   3.3049970000000002       ,  -0.63922910826533075       ,  -0.56156685584835708     
   3.3149970000000000       ,  -0.64633666025883685       ,  -0.57440938576029177     
   3.3249970000000002       ,  -0.68274157154634996       ,  -0.61737805237402332     
   3.3349970000000000       ,  -0.74504101306069392       ,  -0.68672197936376200     
   3.3449970000000002       ,  -0.82793230213698210       ,  -0.77664311240239070     
   3.3549970000000000       ,  -0.92437428493734486       ,  -0.87948676660223735     
   3.3649969999999998       ,   -1.0258453396464187       ,  -0.98604138991767920     
   3.3749970000000000       ,   -1.1226912091825949       ,   -1.0859378193903788     
   3.3849969999999998       ,   -1.2045506805928099       ,   -1.1681323159013395     
   3.3949970000000000       ,   -1.2608422466984113       ,   -1.2214522475716461     
   3.4049969999999998       ,   -1.2812906211735695       ,   -1.2351787986805245     
   3.4149970000000001       ,   -1.2564686185595537       ,   -1.1996378155064236     
   3.4249969999999998       ,   -1.1783277042807907       ,   -1.1067681069898376     
   3.4349970000000001       ,   -1.0406896586111591       ,  -0.95063636211985159     
   3.4449969999999999       ,  -0.83967240377842578       ,  -0.72786940165478387     
   3.4549970000000001       ,  -0.57402515435958723       ,  -0.43797772460055473     
   3.4649969999999999       ,  -0.24535161964503727       ,   -8.3549114867658827E-002
   3.4749970000000001       ,   0.14179512355101165       ,   0.32970277991662222     
   3.4849969999999999       ,   0.57995647758968560       ,   0.79304280307989039     
   3.4949970000000001       ,    1.0589544793663153       ,    1.2949716392871407     
   3.5049969999999999       ,    1.5662165939395105       ,    1.8216281416884010     
   3.5149970000000001       ,    2.0872281472272816       ,    2.3573207457378897     
   3.5249969999999999       ,    2.6060944069250582       ,    2.8851648648381212     
   3.5349970000000002       ,    3.1061880661960801       ,    3.3877970232613763     
   3.5449970000000000       ,    3.5708527366030038       ,    3.8481317829584785     
   3.5549970000000002       ,    3.9841293317748674       ,    4.2501245534853460     
   3.5649970000000000       ,    4.3314701652282590       ,    4.5795023355080886     
   3.5749970000000002       ,    4.6004053496511812       ,    4.8244254289607493     
   3.5849970000000000       ,    4.7811277261487257       ,    4.9760461144962003     
   3.5949970000000002       ,    4.8669660208007057       ,    5.0289351555966393     
   3.6049970000000000       ,    4.8547210686240163       ,    4.9813534259089343     
   3.6149969999999998       ,    4.7448465108220317       ,    4.8353537053448861     
   3.6249970000000000       ,    4.5414630249832539       ,    4.5967062970176453     
   3.6349969999999998       ,    4.2522034884171926       ,    4.2746511305193176     
   3.6449970000000000       ,    3.8878950567912880       ,    3.8814879446007939     
   3.6549969999999998       ,    3.4620924993090445       ,    3.4320244950909236     
   3.6649970000000001       ,    2.9904848108174398       ,    2.9429100528775440     
   3.6749969999999998       ,    2.4902036969631816       ,    2.4318873392568192     
   3.6849970000000001       ,    1.9790676353633070       ,    1.9170001686976907     
   3.6949969999999999       ,    1.4747985675724515       ,    1.4157962069220937     
   3.7049970000000001       ,   0.99424968340347430       ,   0.94456429102242301     
   3.7149969999999999       ,   0.55268213836067237       ,   0.51764370147030025     
   3.7249970000000001       ,   0.16312592664332037       ,   0.14683874376617925     
   3.7349969999999999       ,  -0.16414434230514857       ,  -0.15903377943759464     
   3.7449970000000001       ,  -0.42199410165938012       ,  -0.39444381978621695     
   3.7549969999999999       ,  -0.60665662049027280       ,  -0.55728188089434472     
   3.7649970000000001       ,  -0.71779486872436249       ,  -0.64882394909309304     
   3.7749969999999999       ,  -0.75839704513713813       ,  -0.67353297833750492     
   3.7849970000000002       ,  -0.73451396060497398       ,  -0.63871076952683303     
   3.7949970000000000       ,  -0.65485454679845712       ,  -0.55402163162840024     
   3.8049970000000002       ,  -0.53026287881739975       ,  -0.43091548410743485     
   3.8149970000000000       ,  -0.37310587884895730       ,  -0.28198273067751445     
   3.8249970000000002       ,  -0.19660500458187530       ,  -0.12027607097136370     
   3.8349970000000000       ,   -1.4147513184783023E-002  ,    4.1364706533176490E-002
   3.8449970000000002       ,   0.16138677288641867       ,   0.19095000378857288     
   3.8549970000000000       ,   0.31824887970847127       ,   0.31790779060488639     
   3.8649969999999998       ,   0.44636339034722278       ,   0.41355375228331553     
   3.8749970000000000       ,   0.53776460394548664       ,   0.47144290605428213     
   3.8849969999999998       ,   0.58690664405371207       ,   0.48758842597785973     
   3.8949970000000000       ,   0.59083528441868416       ,   0.46054105514023508     
   3.9049969999999998       ,   0.54921703591095294       ,   0.39133027928530267     
   3.9149970000000001       ,   0.46422887677114583       ,   0.28327594585104587     
   3.9249969999999998       ,   0.34031947109226768       ,   0.14168582102274346     
   3.9349970000000001       ,   0.18385939781233798       ,   -2.6539681410638543E-002
   3.9449969999999999       ,    2.7034471265949267E-003  ,  -0.21336998853760936     
   3.9549970000000001       ,  -0.19430785222493230       ,  -0.41014566155871102     
   3.9649969999999999       ,  -0.39787783106740188       ,  -0.60808897025377839     
   3.9749970000000001       ,  -0.59878400672927290       ,  -0.79879482008513847     
   3.9849969999999999       ,  -0.78837971692037589       ,  -0.97467532026318615     
   3.9949970000000001       ,  -0.95904024187902071       ,   -1.1293349444859397     
   4.0049970000000004       ,   -1.1045306375344834       ,   -1.2578580911961754     
   4.0149970000000001       ,   -1.2202777133352323       ,   -1.3569965801078268     
   4.0249969999999999       ,   -1.3035346390035050       ,   -1.4252508674111872     
   4.0349969999999997       ,   -1.3534331845260124       ,   -1.4628451446343853     
   4.0449979999999996       ,   -1.3709254020013044       ,   -1.4716021603579139     
   4.0549980000000003       ,   -1.3586186364858159       ,   -1.4547300816272801     
   4.0649980000000001       ,   -1.3205349188133857       ,   -1.4165431647752456     
   4.0749979999999999       ,   -1.2617791498598312       ,   -1.3621201972044064     
   4.0849989999999998       ,   -1.1881633728000376       ,   -1.2969353232715268     
   4.0949989999999996       ,   -1.1058410374473095       ,   -1.2265146514545742     
   4.1049990000000003       ,   -1.0208639391252885       ,   -1.1560421471385882     
   4.1149990000000001       ,  -0.93883538296725066       ,   -1.0900682327627618     
   4.1250000000000000       ,  -0.86456496632481439       ,   -1.0322360820560286     
   4.1349999999999998       ,  -0.80182790253830682       ,  -0.98510986529400602     
   4.1449999999999996       ,  -0.75312611351081005       ,  -0.95002294846533697     
   4.1550000000000002       ,  -0.71961010837848050       ,  -0.92706682901749571     
   4.1650000000000000       ,  -0.70105014137558719       ,  -0.91512980268863164     
   4.1750010000000000       ,  -0.69590165609833776       ,  -0.91201637984953721     
   4.1850009999999997       ,  -0.70145068987512249       ,  -0.91463133120827711     
   4.1950010000000004       ,  -0.71402407048117467       ,  -0.91921293011100680     
   4.2050010000000002       ,  -0.72925847279851475       ,  -0.92160414583410077     
   4.2150020000000001       ,  -0.74240159508681125       ,  -0.91753761079260432     
   4.2250019999999999       ,  -0.74862454849647286       ,  -0.90292363749018234     
   4.2350019999999997       ,  -0.74334477487169037       ,  -0.87411625487274491     
   4.2450020000000004       ,  -0.72251248369203913       ,  -0.82814813747327309     
   4.2550020000000002       ,  -0.68286614941892854       ,  -0.76291879166006515     
   4.2650030000000001       ,  -0.62212706496744974       ,  -0.67731734727501958     
   4.2750029999999999       ,  -0.53916503893285861       ,  -0.57132959921878812     
   4.2850029999999997       ,  -0.43403269506892223       ,  -0.44599371735737536     
   4.2950030000000003       ,  -0.30798742643833593       ,  -0.30337771145549836     
   4.3050040000000003       ,  -0.16340283929612365       ,  -0.14644473387261325     
   4.3150040000000001       ,   -3.6982221062916709E-003  ,    2.1041120145275871E-002
   4.3250039999999998       ,   0.16693146060042124       ,   0.19480462741211993     
   4.3350039999999996       ,   0.34368209782967274       ,   0.37021668914827466     
   4.3450049999999996       ,   0.52142042171584646       ,   0.54255563249613514     
   4.3550050000000002       ,   0.69487233533761317       ,   0.70716476312224996     
   4.3650050000000000       ,   0.85898568280509102       ,   0.85976694918347218     
   4.3750049999999998       ,    1.0090955274079065       ,   0.99657849856254410     
   4.3850049999999996       ,    1.1411479120876158       ,    1.1144745769885116     
   4.3950060000000004       ,    1.2518746906478821       ,    1.2111036758467058     
   4.4050060000000002       ,    1.3388680397598758       ,    1.2849115500441486     
   4.4150060000000000       ,    1.4007115460949497       ,    1.3352137621016971     
   4.4250059999999998       ,    1.4369445790178272       ,    1.3621251076822687     
   4.4350069999999997       ,    1.4480346660331382       ,    1.3665009147091378     
   4.4450070000000004       ,    1.4352902860443009       ,    1.3498362330220151     
   4.4550070000000002       ,    1.4007438567683319       ,    1.3141424785539007     
   4.4650069999999999       ,    1.3469926863455230       ,    1.2618025357263323     
   4.4750079999999999       ,    1.2770231924784317       ,    1.1954181051386095     
   4.4850079999999997       ,    1.1940628452529070       ,    1.1176938672084105     
   4.4950080000000003       ,    1.1013633678198358       ,    1.0312646674363832     
   4.5050080000000001       ,    1.0020663344406899       ,   0.93860647446668599     
   4.5150079999999999       ,   0.89905735670642617       ,   0.84193910191106447     
   4.5250089999999998       ,   0.79484414607644938       ,   0.74315142516095312     
   4.5350089999999996       ,   0.69151916775681121       ,   0.64380397035939896     
   4.5450090000000003       ,   0.59065208667319957       ,   0.54505937923828918     
   4.5550090000000001       ,   0.49332109154718096       ,   0.44773663548270204     
   4.5650100000000000       ,   0.40011475499219018       ,   0.35232754428862523     
   4.5750099999999998       ,   0.31121795928305485       ,   0.25908657098843285     
   4.5850099999999996       ,   0.22642717388106387       ,   0.16803614965970626     
   4.5950100000000003       ,   0.14527497169737630       ,    7.9072665693327229E-002
   4.6050110000000002       ,    6.7108085973276999E-002  ,   -7.9846986904946165E-003
   4.6150110000000000       ,   -8.7849135281263813E-003  ,   -9.3297640618126759E-002
   4.6250109999999998       ,   -8.3128825577711507E-002  ,  -0.17700869473947078     
   4.6350110000000004       ,  -0.15654964936373938       ,  -0.25916641911175631     
   4.6450110000000002       ,  -0.22951729930783477       ,  -0.33970852482059610     
   4.6550120000000001       ,  -0.30230625498826036       ,  -0.41845864106802022     
   4.6650119999999999       ,  -0.37494011630238028       ,  -0.49509796159615854     
   4.6750119999999997       ,  -0.44722938919683525       ,  -0.56922780518050553     
   4.6850120000000004       ,  -0.51875573013596110       ,  -0.64036297538519560     
   4.6950130000000003       ,  -0.58891630853638455       ,  -0.70797811860594861     
   4.7050130000000001       ,  -0.65693943738379279       ,  -0.77151631924176034     
   4.7150129999999999       ,  -0.72197975662133618       ,  -0.83046525815444860     
   4.7250129999999997       ,  -0.78314798986459910       ,  -0.88436251693493584     
   4.7350130000000004       ,  -0.83957680843033133       ,  -0.93283009629585556     
   4.7450140000000003       ,  -0.89048110249613588       ,  -0.97559901046619735     
   4.7550140000000001       ,  -0.93518690529623183       ,   -1.0125053994321187     
   4.7650139999999999       ,  -0.97320130500354174       ,   -1.0435206696740329     
   4.7750139999999996       ,   -1.0042194114121012       ,   -1.0687305873336397     
   4.7850149999999996       ,   -1.0281475130473259       ,   -1.0883318112068996     
   4.7950150000000002       ,   -1.0450977086300530       ,   -1.1026099977219279     
   4.8050150000000000       ,   -1.0553942250049864       ,   -1.1119338606473987     
   4.8150149999999998       ,   -1.0595450451926283       ,   -1.1167280510319688     
   4.8250159999999997       ,   -1.0582180105887549       ,   -1.1174572293252765     
   4.8350160000000004       ,   -1.0522096614208232       ,   -1.1146102968709832     
   4.8450160000000002       ,   -1.0424083196735503       ,   -1.1086880141494579     
   4.8550160000000000       ,   -1.0297565639301698       ,   -1.1001931907145703     
   4.8650159999999998       ,   -1.0152140534110941       ,   -1.0896252020410202     
   4.8750169999999997       ,  -0.99972045317598701       ,   -1.0774756589821857     
   4.8850170000000004       ,  -0.98416909417609344       ,   -1.0642318949617315     
   4.8950170000000002       ,  -0.96936838811369008       ,   -1.0503680769509134     
   4.9050170000000000       ,  -0.95602258061552992       ,   -1.0363468025105069     
   4.9150179999999999       ,  -0.94470733969256027       ,   -1.0226102344111125     
   4.9250179999999997       ,  -0.93585543191925269       ,   -1.0095746692011092     
   4.9350180000000003       ,  -0.92973403636700902       ,  -0.99760595813600228     
   4.9450180000000001       ,  -0.92643613466740315       ,  -0.98700320148618614     
   4.9550190000000001       ,  -0.92586816750288203       ,  -0.97796954207856412     
   4.9650189999999998       ,  -0.92774108410365141       ,  -0.97058476882040001     
   4.9750189999999996       ,  -0.93156383770308837       ,  -0.96476718116011595     
   4.9850190000000003       ,  -0.93664107710415367       ,  -0.96024545255580651     
   4.9950190000000001       ,  -0.94207463888696963       ,  -0.95652960341252180     
   5.0050200000000000       ,  -0.94677137506270426       ,  -0.95288980057025352     
   5.0150199999999998       ,  -0.94945589519099760       ,  -0.94834752508745601     
   5.0250199999999996       ,  -0.94869663769157997       ,  -0.94167686916991677     
   5.0350200000000003       ,  -0.94293642923489807       ,  -0.93142523087595330     
   5.0450210000000002       ,  -0.93053431210571436       ,  -0.91594795917013228     
   5.0550210000000000       ,  -0.90982445896734032       ,  -0.89346988115598402     
   5.0650209999999998       ,  -0.87917207782413154       ,  -0.86214831903152522     
   5.0750209999999996       ,  -0.83704894283318276       ,  -0.82016563492272054     
   5.0850210000000002       ,  -0.78210999123456082       ,  -0.76582665355897339     
   5.0950220000000002       ,  -0.71326613183949694       ,  -0.69765676281147893     
   5.1050219999999999       ,  -0.62979270602545145       ,  -0.61453757219235561     
   5.1150219999999997       ,  -0.53136255547927103       ,  -0.51576825240784197     
   5.1250220000000004       ,  -0.41813635311638359       ,  -0.40118176882964030     
   5.1350230000000003       ,  -0.29079265480253214       ,  -0.27119749411355509     
   5.1450230000000001       ,  -0.15061083387223706       ,  -0.12692323346512824     
   5.1550229999999999       ,    5.9787259479654464E-004  ,    2.9903485536697534E-002
   5.1650229999999997       ,   0.16045887356522825       ,   0.19687806710395170     
   5.1750239999999996       ,   0.32610858267798204       ,   0.37100646848119423     
   5.1850240000000003       ,   0.49420073174934698       ,   0.54871701337174805     
   5.1950240000000001       ,   0.66110578101069395       ,   0.72608013601394217     
   5.2050239999999999       ,   0.82296773064758111       ,   0.89888218153192967     
   5.2150239999999997       ,   0.97586206199453218       ,    1.0628079826960783     
   5.2250249999999996       ,    1.1159633997026810       ,    1.2136353140307927     
   5.2350250000000003       ,    1.2396508226608565       ,    1.3473617745662441     
   5.2450250000000000       ,    1.3437503383391716       ,    1.4604778850130351     
   5.2550249999999998       ,    1.4256244769882676       ,    1.5500730836626266     
   5.2650259999999998       ,    1.4833201512260108       ,    1.6140012307604845     
   5.2750260000000004       ,    1.5156503511795851       ,    1.6509701542153259     
   5.2850260000000002       ,    1.5222984050056929       ,    1.6606534039305592     
   5.2950260000000000       ,    1.5038238830144701       ,    1.6436906087902645     
   5.3050269999999999       ,    1.4616548386650208       ,    1.6016711522731633     
   5.3150269999999997       ,    1.3980556751532756       ,    1.5370873087440240     
   5.3250270000000004       ,    1.3160093017401653       ,    1.4531971721258985     
   5.3350270000000002       ,    1.2191024888392099       ,    1.3538875231051459     
   5.3450270000000000       ,    1.1113620697939692       ,    1.2434864037098545     
   5.3550279999999999       ,   0.99705889360323163       ,    1.1265434443351852     
   5.3650279999999997       ,   0.88055533900533067       ,    1.0076570913479268     
   5.3750280000000004       ,   0.76603290848571470       ,   0.89118281357521234     
   5.3850280000000001       ,   0.65734111304523046       ,   0.78107016361013648     
   5.3950290000000001       ,   0.55779727134433776       ,   0.68065512034626496     
   5.4050289999999999       ,   0.47007265045129454       ,   0.59254569314571925     
   5.4150289999999996       ,   0.39601493638615720       ,   0.51844942467975963     
   5.4250290000000003       ,   0.33661387303393059       ,   0.45915095627047114     
   5.4350300000000002       ,   0.29195788310597193       ,   0.41448520761694907     
   5.4450300000000000       ,   0.26126924798403273       ,   0.38339323334846975     
   5.4550299999999998       ,   0.24294339270046472       ,   0.36398471907232066     
   5.4650299999999996       ,   0.23467760319095768       ,   0.35369068192275127     
   5.4750300000000003       ,   0.23361258822742503       ,   0.34942818763576849     
   5.4850310000000002       ,   0.23650868480876586       ,   0.34779662972728620     
   5.4950310000000000       ,   0.23993919994672824       ,   0.34528956140557454     
   5.5050309999999998       ,   0.24049571428729211       ,   0.33850855087984899     
   5.5150309999999996       ,   0.23498655227643672       ,   0.32436841055441507     
   5.5250320000000004       ,   0.22061992884508130       ,   0.30027742803436236     
   5.5350320000000002       ,   0.19517053513086768       ,   0.26429983987061773     
   5.5450320000000000       ,   0.15709738423473488       ,   0.21525352855545515     
   5.5550319999999997       ,   0.10563390649002333       ,   0.15278438807270919     
   5.5650320000000004       ,    4.0827649684332334E-002  ,    7.7381545758814757E-002
   5.5750330000000003       ,   -3.6473851373753863E-002  ,   -9.6637303240541643E-003
   5.5850330000000001       ,  -0.12464193992972428       ,  -0.10629990528768764     
   5.5950329999999999       ,  -0.22140595885548442       ,  -0.20988604315464529     
   5.6050329999999997       ,  -0.32395100536043497       ,  -0.31730865561703053     
   5.6150339999999996       ,  -0.42908987185960917       ,  -0.42517370983706171     
   5.6250340000000003       ,  -0.53339186473481959       ,  -0.52994795121449090     
   5.6350340000000001       ,  -0.63342384445728306       ,  -0.62820856029431116     
   5.6450339999999999       ,  -0.72588091320249681       ,  -0.71677259761375411     
   5.6550349999999998       ,  -0.80776244192705726       ,  -0.79286592939660516     
   5.6650349999999996       ,  -0.87647445394087753       ,  -0.85421484082751675     
   5.6750350000000003       ,  -0.92998196769740593       ,  -0.89917597126729143     
   5.6850350000000001       ,  -0.96684131994526457       ,  -0.92674754195494879     
   5.6950349999999998       ,  -0.98623645891025291       ,  -0.93657905967132027     
   5.7050359999999998       ,  -0.98796692999724645       ,  -0.92893114001318444     
   5.7150359999999996       ,  -0.97240155175633047       ,  -0.90460629127542791     
   5.7250360000000002       ,  -0.94040094466771951       ,  -0.86484145895792031     
   5.7350360000000000       ,  -0.89321276719390852       ,  -0.81118668140207162     
   5.7450369999999999       ,  -0.83234853133559839       ,  -0.74536530134262902     
   5.7550369999999997       ,  -0.75948614130849845       ,  -0.66916919334004488     
   5.7650370000000004       ,  -0.67631397161334716       ,  -0.58429732106652743     
   5.7750370000000002       ,  -0.58444817460529963       ,  -0.49227934264653272     
   5.7850380000000001       ,  -0.48533252704151353       ,  -0.39438550157858177     
   5.7950379999999999       ,  -0.38022198191262846       ,  -0.29162546872764167     
   5.8050379999999997       ,  -0.27009796650668094       ,  -0.18468466160833871     
   5.8150380000000004       ,  -0.15571572527997180       ,   -7.3994343451921629E-002
   5.8250380000000002       ,   -3.7635194877749412E-002  ,    4.0213054852126444E-002
   5.8350390000000001       ,    8.3722419312754370E-002  ,   0.15782304206803327     
   5.8450389999999999       ,   0.20793465487795079       ,   0.27867868380670846     
   5.8550389999999997       ,   0.33454542749601229       ,   0.40252762394582231     
   5.8650390000000003       ,   0.46290700631865794       ,   0.52885205915560440     
   5.8750400000000003       ,   0.59210091262857056       ,   0.65678127098491723     
   5.8850400000000000       ,   0.72079819346752694       ,   0.78495055867643271     
   5.8950399999999998       ,   0.84727481610957178       ,   0.91152028977636057     
   5.9050399999999996       ,   0.96933130409280732       ,    1.0341063132803956     
   5.9150400000000003       ,    1.0843165265099324       ,    1.1498187684757986     
   5.9250410000000002       ,    1.1891912184289244       ,    1.2553446979359382     
   5.9350410000000000       ,    1.2805835738742370       ,    1.3470248803187055     
   5.9450409999999998       ,    1.3549892374182535       ,    1.4210766473814760     
   5.9550409999999996       ,    1.4088983924105720       ,    1.4737423352124523     
   5.9650420000000004       ,    1.4390038587769232       ,    1.5015165432686166     
   5.9750420000000002       ,    1.4424003617607033       ,    1.5013621536462625     
   5.9850420000000000       ,    1.4168125831984588       ,    1.4709479144773274     
   5.9950419999999998       ,    1.3607765887943182       ,    1.4088360061851479     
   6.0050429999999997       ,    1.2738028145732172       ,    1.3146434610559499     
   6.0150430000000004       ,    1.1565427170387705       ,    1.1892052988616182     
   6.0250430000000001       ,    1.0108136798468199       ,    1.0345831138765327     
   6.0350429999999999       ,   0.83964777254315970       ,   0.85410008364295498     
   6.0450429999999997       ,   0.64723626733387718       ,   0.65226488720159970     
   6.0550439999999996       ,   0.43879295858862555       ,   0.43461223310383568     
   6.0650440000000003       ,   0.22045970233116258       ,   0.20758978686185248     
   6.0750440000000001       ,   -1.0568605193569947E-003  ,   -2.1831731829037544E-002
   6.0850439999999999       ,  -0.21868739813618715       ,  -0.24637520513439459     
   6.0950449999999998       ,  -0.42535782782370601       ,  -0.45883073169941224     
   6.1050449999999996       ,  -0.61424252314857064       ,  -0.65231571934164134     
   6.1150450000000003       ,  -0.77922291922280196       ,  -0.82074022635784138     
   6.1250450000000001       ,  -0.91511633509131851       ,  -0.95903050109632026     
   6.1350460000000000       ,   -1.0179805979994168       ,   -1.0634255749087358     
   6.1450459999999998       ,   -1.0852954596356463       ,   -1.1316440201942477     
   6.1550459999999996       ,   -1.1161740135299221       ,   -1.1630777298370460     
   6.1650460000000002       ,   -1.1113865546835031       ,   -1.1587935021215030     
   6.1750460000000000       ,   -1.0733542130181468       ,   -1.1215037178595191     
   6.1850470000000000       ,   -1.0060338941165341       ,   -1.0554284001574501     
   6.1950469999999997       ,  -0.91475603719453280       ,  -0.96611116801059893     
   6.2050470000000004       ,  -0.80591434990584365       ,  -0.86009177743566978     
   6.2150470000000002       ,  -0.68665756632946517       ,  -0.74458424962622982     
   6.2250480000000001       ,  -0.56449257813451725       ,  -0.62707312321302211     
   6.2350479999999999       ,  -0.44692780137848354       ,  -0.51495374984511411     
   6.2450479999999997       ,  -0.34098853240597443       ,  -0.41505591708318657     
   6.2550480000000004       ,  -0.25287480987247091       ,  -0.33331169699209645     
   6.2650490000000003       ,  -0.18759332106399232       ,  -0.27440575886413993     
   6.2750490000000001       ,  -0.14869196201532506       ,  -0.24152920655173038     
   6.2850489999999999       ,  -0.13800971938668791       ,  -0.23615819790189196     
   6.2950489999999997       ,  -0.15558720162764186       ,  -0.25798807490086834     
   6.3050490000000003       ,  -0.19964075613752405       ,  -0.30493382641610001     
   6.3150500000000003       ,  -0.26665490563500582       ,  -0.37324596879490679     
   6.3250500000000001       ,  -0.35153754272784526       ,  -0.45768478930272599     
   6.3350499999999998       ,  -0.44793622880030026       ,  -0.55185140663530274     
   6.3450499999999996       ,  -0.54856515517026105       ,  -0.64852144268218948     
   6.3550509999999996       ,  -0.64562988771801322       ,  -0.74006955035706834     
   6.3650510000000002       ,  -0.73123423167714674       ,  -0.81887142969634830     
   6.3750510000000000       ,  -0.79789608937918910       ,  -0.87780200957574950     
   6.3850509999999998       ,  -0.83894916084900795       ,  -0.91061859693877323     
   6.3950509999999996       ,  -0.84895511003721624       ,  -0.91234688082030269     
   6.4050520000000004       ,  -0.82403864103958258       ,  -0.87958613094735205     
   6.4150520000000002       ,  -0.76215789308618720       ,  -0.81075199181385649     
   6.4250520000000000       ,  -0.66324874506163645       ,  -0.70618576029828006     
   6.4350519999999998       ,  -0.52928197741687777       ,  -0.56818701177494091     
   6.4450529999999997       ,  -0.36418388866548401       ,  -0.40090989054428122     
   6.4550530000000004       ,  -0.17373527356923590       ,  -0.21024540248394702     
   6.4650530000000002       ,    3.4799983370950249E-002  ,   -3.4386225858584253E-003
   6.4750529999999999       ,   0.25296979419897148       ,   0.21120705442912024     
   6.4850539999999999       ,   0.47159652843811117       ,   0.42478584512249251     
   6.4950539999999997       ,   0.68116003713391438       ,   0.62816014963112943     
   6.5050540000000003       ,   0.87241983065277529       ,   0.81255763865575370     
   6.5150540000000001       ,    1.0368081458234575       ,   0.96993814397638833     
   6.5250539999999999       ,    1.1668989830627385       ,    1.0934298114377925     
   6.5350549999999998       ,    1.2568027806257573       ,    1.1776884762391007     
   6.5450549999999996       ,    1.3024417800233576       ,    1.2191402488421741     
   6.5550550000000003       ,    1.3018142792180505       ,    1.2162094563044683     
   6.5650550000000001       ,    1.2550547048832852       ,    1.1693525224158350     
   6.5750560000000000       ,    1.1644197889080785       ,    1.0810214036426957     
   6.5850559999999998       ,    1.0342022007867393       ,   0.95556123699813422     
   6.5950559999999996       ,   0.87044223030606105       ,   0.79891729122397104     
   6.6050560000000003       ,   0.68063391543850038       ,   0.61834353448741319     
   6.6150570000000002       ,   0.47329629989539301       ,   0.42198740104733673     
   6.6250570000000000       ,   0.25760586295073518       ,   0.21853832583482244     
   6.6350569999999998       ,    4.2791704496682348E-002  ,    1.6657514550475941E-002
   6.6450570000000004       ,  -0.16226119205603629       ,  -0.17538959656339415     
   6.6550570000000002       ,  -0.34948434277656909       ,  -0.35016776277274408     
   6.6650580000000001       ,  -0.51204156203084983       ,  -0.50144855963184043     
   6.6750579999999999       ,  -0.64459423565916241       ,  -0.62444315019743724     
   6.6850579999999997       ,  -0.74363679874351496       ,  -0.71609756082758924     
   6.6950580000000004       ,  -0.80756278708487206       ,  -0.77513574804083996     
   6.7050590000000003       ,  -0.83670875979750270       ,  -0.80208200415789233     
   6.7150590000000001       ,  -0.83326214930542453       ,  -0.79915791763265254     
   6.7250589999999999       ,  -0.80109119277678964       ,  -0.77010898925049853     
   6.7350589999999997       ,  -0.74545157602431011       ,  -0.71992009814557179     
   6.7450590000000004       ,  -0.67263858327323034       ,  -0.65448413676147144     
   6.7550600000000003       ,  -0.58957298091898347       ,  -0.58021379483524838     
   6.7650600000000001       ,  -0.50340067719264181       ,  -0.50366906598404826     
   6.7750599999999999       ,  -0.42100324006297968       ,  -0.43110920397759039     
   6.7850599999999996       ,  -0.34861382118074424       ,  -0.36814353628779484     
   6.7950609999999996       ,  -0.29143256754286861       ,  -0.31938661522684042     
   6.8050610000000002       ,  -0.25334228396781500       ,  -0.28820614386455118     
   6.8150610000000000       ,  -0.23665105322241786       ,  -0.27650138997902507     
   6.8250609999999998       ,  -0.24198989170615692       ,  -0.28462114439628716     
   6.8350619999999997       ,  -0.26828413844256149       ,  -0.31135144541635934     
   6.8450620000000004       ,  -0.31281720932533297       ,  -0.35398561504721743     
   6.8550620000000002       ,  -0.37142015535045947       ,  -0.40851062760273515     
   6.8650620000000000       ,  -0.43872241829059899       ,  -0.46984459994752259     
   6.8750619999999998       ,  -0.50848320334052566       ,  -0.53214695454662930     
   6.8850629999999997       ,  -0.57397819294754715       ,  -0.58917578724884556     
   6.8950630000000004       ,  -0.62838289207630837       ,  -0.63464103869426625     
   6.9050630000000002       ,  -0.66522713656491639       ,  -0.66261719477826597     
   6.9150630000000000       ,  -0.67876307038908501       ,  -0.66787741226246222     
   6.9250639999999999       ,  -0.66432328580903621       ,  -0.64621490985710106     
   6.9350639999999997       ,  -0.61862265718413922       ,  -0.59471653923315182     
   6.9450640000000003       ,  -0.53996619717417838       ,  -0.51194150449630460     
   6.9550640000000001       ,  -0.42837870502833142       ,  -0.39803725031732090     
   6.9650650000000001       ,  -0.28562083817721273       ,  -0.25474704152347993     
   6.9750649999999998       ,  -0.11518481439827066       ,   -8.5407533135431049E-002
   6.9850649999999996       ,    7.7948562650402675E-002  ,   0.10528317435989827     
   6.9950650000000003       ,   0.28749511015532037       ,   0.31143028787392080     
   7.0050650000000001       ,   0.50618826746436085       ,   0.52623595893066255     
   7.0150660000000000       ,   0.72616032329382185       ,   0.74234701261715597     
   7.0250659999999998       ,   0.93924467004021028       ,   0.95212217883680150     
   7.0350659999999996       ,    1.1375090088397026       ,    1.1481253059652223     
   7.0450660000000003       ,    1.3135542922776022       ,    1.3233897947460851     
   7.0550670000000002       ,    1.4609046974559261       ,    1.4717761479505849     
   7.0650670000000000       ,    1.5742549076742614       ,    1.5881924743948368     
   7.0750669999999998       ,    1.6497958700310713       ,    1.6689024920883953     
   7.0850669999999996       ,    1.6853106725453735       ,    1.7116119723466052     
   7.0950680000000004       ,    1.6802616843366138       ,    1.7155574256818935     
   7.1050680000000002       ,    1.6357830945183536       ,    1.6815052506030361     
   7.1150679999999999       ,    1.5545797639702441       ,    1.6116756901100213     
   7.1250679999999997       ,    1.4407503056760669       ,    1.5095901660083066     
   7.1350680000000004       ,    1.2995480791342882       ,    1.3798671198657484     
   7.1450690000000003       ,    1.1370725934910419       ,    1.2279526201691504     
   7.1550690000000001       ,   0.96001128626918453       ,    1.0598979773972392     
   7.1650689999999999       ,   0.77520001558637763       ,   0.88196586050489756     
   7.1750689999999997       ,   0.58934884141078214       ,   0.70038758666761924     
   7.1850699999999996       ,   0.40869247137503173       ,   0.52104496721578497     
   7.1950700000000003       ,   0.23878281931212003       ,   0.34928542221975423     
   7.2050700000000001       ,    8.4151711525749684E-002  ,   0.18959928613230492     
   7.2150699999999999       ,   -5.1782129643209773E-002  ,    4.5529827487106697E-002
   7.2250699999999997       ,  -0.16682974173508197       ,   -8.0449373986151762E-002
   7.2350709999999996       ,  -0.26006743984081870       ,  -0.18698737439973148     
   7.2450710000000003       ,  -0.33175946003978551       ,  -0.27379766340550277     
   7.2550710000000000       ,  -0.38330704327210324       ,  -0.34164718840216352     
   7.2650709999999998       ,  -0.41704617921513693       ,  -0.39218595120602451     
   7.2750719999999998       ,  -0.43605197567556703       ,  -0.42779397553172160     
   7.2850720000000004       ,  -0.44389409324121176       ,  -0.45137009657171362     
   7.2950720000000002       ,  -0.44439252631548198       ,  -0.46613548743602662     
   7.3050720000000000       ,  -0.44135232186940648       ,  -0.47539464519660019     
   7.3150729999999999       ,  -0.43832237202875579       ,  -0.48232300944149259     
   7.3250729999999997       ,  -0.43837929363615480       ,  -0.48976502806349242     
   7.3350730000000004       ,  -0.44394531723723868       ,  -0.50006657626025308     
   7.3450730000000002       ,  -0.45665633935899935       ,  -0.51493742433784295     
   7.3550730000000000       ,  -0.47728007935107497       ,  -0.53535953483253895     
   7.3650739999999999       ,  -0.50569254702301480       ,  -0.56154342948771496     
   7.3750739999999997       ,  -0.54089335631016622       ,  -0.59291741509488260     
   7.3850740000000004       ,  -0.58110123330507868       ,  -0.62818897902513582     
   7.3950740000000001       ,  -0.62386628683075385       ,  -0.66542181241315679     
   7.4050750000000001       ,  -0.66623570264868759       ,  -0.70216402064087113     
   7.4150749999999999       ,  -0.70492204299853456       ,  -0.73558354841513496     
   7.4250749999999996       ,  -0.73652950341989187       ,  -0.76265988642002280     
   7.4350750000000003       ,  -0.75774048526008630       ,  -0.78034795913644739     
   7.4450760000000002       ,  -0.76551625283447544       ,  -0.78576084514542166     
   7.4550760000000000       ,  -0.75727360112799058       ,  -0.77633899727341682     
   7.4650759999999998       ,  -0.73104156594057890       ,  -0.75000672184562633     
   7.4750759999999996       ,  -0.68557440979577278       ,  -0.70529677558392156     
   7.4850760000000003       ,  -0.62043205990406625       ,  -0.64144964929051096     
   7.4950770000000002       ,  -0.53600815346420094       ,  -0.55846816369526697     
   7.5050770000000000       ,  -0.43356129813438882       ,  -0.45717998535036347     
   7.5150769999999998       ,  -0.31511958664110695       ,  -0.33917816477209284     
   7.5250769999999996       ,  -0.18343149065485179       ,  -0.20680730864441818     
   7.5350780000000004       ,   -4.1831812315345107E-002  ,   -6.3063559941288747E-002
   7.5450780000000002       ,   0.10583697736569336       ,    8.8452989372740293E-002
   7.5550780000000000       ,   0.25546352711666015       ,   0.24375452801210942     
   7.5650779999999997       ,   0.40277383901214342       ,   0.39855527643208838     
   7.5750780000000004       ,   0.54350855818710508       ,   0.54844232279137128     
   7.5850790000000003       ,   0.67359284998107394       ,   0.68904984119020041     
   7.5950790000000001       ,   0.78923040518490728       ,   0.81616174725085888     
   7.6050789999999999       ,   0.88710911396440306       ,   0.92594583637437389     
   7.6150789999999997       ,   0.96445246020344355       ,    1.0150309123220234     
   7.6250799999999996       ,    1.0191174616683045       ,    1.0806425093874727     
   7.6350800000000003       ,    1.0496288338529325       ,    1.1206721573381553     
   7.6450800000000001       ,    1.0552393020994599       ,    1.1337848844485101     
   7.6550799999999999       ,    1.0359071518672445       ,    1.1194312410103773     
   7.6650809999999998       ,   0.99227585290562648       ,    1.0778630336058788     
   7.6750809999999996       ,   0.92565195291883184       ,    1.0101391773302211     
   7.6850810000000003       ,   0.83791937279666129       ,   0.91806137560007783     
   7.6950810000000001       ,   0.73148150862267725       ,   0.80412536671483592     
   7.7050809999999998       ,   0.60917497673062049       ,   0.67143470365021329     
   7.7150819999999998       ,   0.47416593981635519       ,   0.52358460234737481     
   7.7250819999999996       ,   0.32991243844494189       ,   0.36460835986507023     
   7.7350820000000002       ,   0.17998932584035490       ,   0.19876415965031979     
   7.7450820000000000       ,    2.8049650324179526E-002  ,    3.0463822777169063E-002
   7.7550829999999999       ,  -0.12229113585580714       ,  -0.13588827557537292     
   7.7650829999999997       ,  -0.26747806661893803       ,  -0.29595668186939472     
   7.7750830000000004       ,  -0.40418412179844987       ,  -0.44569665778322887     
   7.7850830000000002       ,  -0.52931932864095455       ,  -0.58139825220409191     
   7.7950840000000001       ,  -0.64011858842573899       ,  -0.69981218919683430     
   7.8050839999999999       ,  -0.73415332457764948       ,  -0.79818670264099112     
   7.8150839999999997       ,  -0.80944467770907647       ,  -0.87440364422306371     
   7.8250840000000004       ,  -0.86445525438860393       ,  -0.92697436184064974     
   7.8350840000000002       ,  -0.89812979712723096       ,  -0.95507755994005139     
   7.8450850000000001       ,  -0.90991463176849696       ,  -0.95856305839683376     
   7.8550849999999999       ,  -0.89976455274417988       ,  -0.93793745022063013     
   7.8650849999999997       ,  -0.86814875107658018       ,  -0.89433157456680867     
   7.8750850000000003       ,  -0.81603173421580077       ,  -0.82944466782712245     
   7.8850860000000003       ,  -0.74484414474212568       ,  -0.74546934778977914     
   7.8950860000000000       ,  -0.65647835384245123       ,  -0.64504715730020312     
   7.9050859999999998       ,  -0.55319945125708958       ,  -0.53112807504574922     
   7.9150859999999996       ,  -0.43761541688997657       ,  -0.40690635339831094     
   7.9250860000000003       ,  -0.31260480614051822       ,  -0.27571392922663501     
   7.9350870000000002       ,  -0.18122921989858745       ,  -0.14090823146775208     
   7.9450870000000000       ,   -4.6706209800847977E-002  ,   -5.8316523625522310E-003
   7.9550869999999998       ,    8.7754209966674851E-002  ,   0.12635781211535144     
   7.9650869999999996       ,   0.21898272048279629       ,   0.25271101234517473     
   7.9750880000000004       ,   0.34395953355479125       ,   0.37057887567608133     
   7.9850880000000002       ,   0.45984444719994633       ,   0.47761923596723099     
   7.9950880000000000       ,   0.56412445900128771       ,   0.57190655167111071     
   8.0050880000000006       ,   0.65462519635608873       ,   0.65190742771722776     
   8.0150880000000004       ,   0.72957412277375133       ,   0.71650212496760501     
   8.0250880000000002       ,   0.78763711567119921       ,   0.76498017868762413     
   8.0350889999999993       ,   0.82794325814200609       ,   0.79702621912471261     
   8.0450890000000008       ,   0.85007679117301027       ,   0.81268198947587511     
   8.0550890000000006       ,   0.85409243763890097       ,   0.81233069087445930     
   8.0650890000000004       ,   0.84047419842392079       ,   0.79664201314919614     
   8.0750890000000002       ,   0.81010424678209092       ,   0.76653251030510594     
   8.0850899999999992       ,   0.76421080945713404       ,   0.72311617096629155     
   8.0950900000000008       ,   0.70433299528284965       ,   0.66767997386777633     
   8.1050900000000006       ,   0.63223230443660972       ,   0.60161752002341873     
   8.1150900000000004       ,   0.54984609118696914       ,   0.52640942521462319     
   8.1250909999999994       ,   0.45921081265667862       ,   0.44358037131677686     
   8.1350909999999992       ,   0.36243817762143737       ,   0.35470779285092313     
   8.1450910000000007       ,   0.26160425194335496       ,   0.26135189747152415     
   8.1550910000000005       ,   0.15873544353395641       ,   0.16507265741645943     
   8.1650919999999996       ,    5.5747632593874212E-002  ,    6.7399990685776914E-002
   8.1750919999999994       ,   -4.5546147436707748E-002  ,   -3.0136960816779919E-002
   8.1850919999999991       ,  -0.14352280617791843       ,  -0.12607784954902398     
   8.1950920000000007       ,  -0.23672475070442761       ,  -0.21900182998633333     
   8.2050920000000005       ,  -0.32387992840332558       ,  -0.30754891740766216     
   8.2150929999999995       ,  -0.40391310661806390       ,  -0.39044231890355835     
   8.2250929999999993       ,  -0.47591356309912736       ,  -0.46647343326013913     
   8.2350930000000009       ,  -0.53917899357551102       ,  -0.53457262675190387     
   8.2450930000000007       ,  -0.59317657212068919       ,  -0.59379901451856498     
   8.2550939999999997       ,  -0.63754849691013304       ,  -0.64337895306179183     
   8.2650939999999995       ,  -0.67208864855254302       ,  -0.68271298944719849     
   8.2750939999999993       ,  -0.69676341560088273       ,  -0.71143007384479573     
   8.2850940000000008       ,  -0.71168800275613919       ,  -0.72938759636000816     
   8.2950940000000006       ,  -0.71712702859947364       ,  -0.73669217975296497     
   8.3050949999999997       ,  -0.71348942478159549       ,  -0.73370663675188208     
   8.3150949999999995       ,  -0.70132567552825875       ,  -0.72105063445557060     
   8.3250949999999992       ,  -0.68131854379218582       ,  -0.69958657514758282     
   8.3350950000000008       ,  -0.65427373529775168       ,  -0.67039620691777890     
   8.3450959999999998       ,  -0.62110255872228881       ,  -0.63474197456585868     
   8.3550959999999996       ,  -0.58281736706009346       ,  -0.59403627366257128     
   8.3650959999999994       ,  -0.54048802814877206       ,  -0.54976501640112119     
   8.3750959999999992       ,  -0.49522624939242049       ,  -0.50343969665596933     
   8.3850970000000000       ,  -0.44814492798882749       ,  -0.45652379450563879     
   8.3950969999999998       ,  -0.40034095482996651       ,  -0.41038543405460648     
   8.4050969999999996       ,  -0.35282876051687123       ,  -0.36620607729242999     
   8.4150969999999994       ,  -0.30652118587136545       ,  -0.32494351037039237     
   8.4250969999999992       ,  -0.26218932049082844       ,  -0.28728201275026677     
   8.4350980000000000       ,  -0.22042772231139923       ,  -0.25359805582386880     
   8.4450979999999998       ,  -0.18164725192374442       ,  -0.22395884193903332     
   8.4550979999999996       ,  -0.14603564896762494       ,  -0.19810594461370309     
   8.4650979999999993       ,  -0.11357129133867983       ,  -0.17549215275487312     
   8.4750990000000002       ,   -8.4025022006757044E-002  ,  -0.15531757844707159     
   8.4850989999999999       ,   -5.6993300493512700E-002  ,  -0.13659610969310115     
   8.4950989999999997       ,   -3.1914516506774515E-002  ,  -0.11821640114829512     
   8.5050989999999995       ,   -8.1261558528512579E-003  ,   -9.9033503594435912E-002
   8.5151000000000003       ,    1.5086466410961674E-002  ,   -7.7953738661548810E-002
   8.5251000000000001       ,    3.8420634968331147E-002  ,   -5.4033086460710596E-002
   8.5350999999999999       ,    6.2506975283742550E-002  ,   -2.6549396563700044E-002
   8.5450999999999997       ,    8.7838341835802858E-002  ,    4.9154228061376254E-003
   8.5550999999999995       ,   0.11471568992017864       ,    4.0419182029197344E-002
   8.5651010000000003       ,   0.14320404785028190       ,    7.9625631795442769E-002
   8.5751010000000001       ,   0.17308730925397461       ,   0.12177435225697779     
   8.5851009999999999       ,   0.20386826285546372       ,   0.16571641140750693     
   8.5951009999999997       ,   0.23475917046113626       ,   0.20993777917925163     
   8.6051020000000005       ,   0.26470948251518944       ,   0.25263186972161034     
   8.6151020000000003       ,   0.29243628653128839       ,   0.29177064386225798     
   8.6251020000000000       ,   0.31650397709154293       ,   0.32523797460486276     
   8.6351019999999998       ,   0.33539020415193627       ,   0.35093362024035357     
   8.6451030000000006       ,   0.34758087273158711       ,   0.36690758397991174     
   8.6551030000000004       ,   0.35166521248965249       ,   0.37148389171334195     
   8.6651030000000002       ,   0.34644520541779972       ,   0.36339231446064213     
   8.6751030000000000       ,   0.33102827637349547       ,   0.34186784526778663     
   8.6851029999999998       ,   0.30491753979084668       ,   0.30673807141739662     
   8.6951040000000006       ,   0.26808047685431075       ,   0.25847517602583914     
   8.7051040000000004       ,   0.22101644079832938       ,   0.19824160151864814     
   8.7151040000000002       ,   0.16476042320420703       ,   0.12785044558811307     
   8.7251040000000000       ,   0.10089375049817254       ,    4.9736520729864897E-002
   8.7351050000000008       ,    3.1500217558860177E-002  ,   -3.3138861681506607E-002
   8.7451050000000006       ,   -4.0869680868343153E-002  ,  -0.11736942235488128     
   8.7551050000000004       ,  -0.11333365974928282       ,  -0.19929708006627705     
   8.7651050000000001       ,  -0.18276824159349617       ,  -0.27514290159575244     
   8.7751049999999999       ,  -0.24595352103412810       ,  -0.34119225192205582     
   8.7851060000000007       ,  -0.29972946979850718       ,  -0.39398043642771330     
   8.7951060000000005       ,  -0.34113267408931625       ,  -0.43044866832222134     
   8.8051060000000003       ,  -0.36758396981149655       ,  -0.44813720583439648     
   8.8151060000000001       ,  -0.37700969925945099       ,  -0.44529991636376692     
   8.8251069999999991       ,  -0.36797082972267842       ,  -0.42101279529996127     
   8.8351070000000007       ,  -0.33976716460903122       ,  -0.37525433744424486     
   8.8451070000000005       ,  -0.29249820842504259       ,  -0.30891753034895481     
   8.8551070000000003       ,  -0.22709388299463443       ,  -0.22379989001698899     
   8.8651079999999993       ,  -0.14529496233870859       ,  -0.12252998508679401     
   8.8751080000000009       ,   -4.9636501732052266E-002  ,   -8.5070601436357633E-003
   8.8851080000000007       ,    5.6691368127892564E-002  ,   0.11429935756834199     
   8.8951080000000005       ,   0.16993686310436731       ,   0.24147911069632871     
   8.9051080000000002       ,   0.28594798703184265       ,   0.36838105931083659     
   8.9151089999999993       ,   0.40035972479546189       ,   0.49032698841218325     
   8.9251090000000008       ,   0.50873764110786102       ,   0.60276703312868507     
   8.9351090000000006       ,   0.60684027649638439       ,   0.70154865367652541     
   8.9451090000000004       ,   0.69075983557203346       ,   0.78304351626364932     
   8.9551099999999995       ,   0.75711109392233400       ,   0.84431456160947804     
   8.9651099999999992       ,   0.80315406633252084       ,   0.88320863490920298     
   8.9751100000000008       ,   0.82695000286634612       ,   0.89846891383145833     
   8.9851100000000006       ,   0.82741106370399775       ,   0.88974054008460735     
   8.9951109999999996       ,   0.80434158163188363       ,   0.85756227169292232     
   9.0051109999999994       ,   0.75844420590514139       ,   0.80332855884164978     
   9.0151109999999992       ,   0.69125859477554907       ,   0.72917863807634531     
   9.0251110000000008       ,   0.60508218225146937       ,   0.63788348678515538     
   9.0351110000000006       ,   0.50284930401307382       ,   0.53269531640909307     
   9.0451119999999996       ,   0.38797278326749773       ,   0.41717112782527788     
   9.0551119999999994       ,   0.26422640544349713       ,   0.29504883242217828     
   9.0651119999999992       ,   0.13550137712583998       ,   0.17000899658829305     
   9.0751120000000007       ,    5.6776350581820914E-003  ,    4.5563898219225595E-002
   9.0851129999999998       ,  -0.12156382708295753       ,   -7.5102004015856441E-002
   9.0951129999999996       ,  -0.24283656998279196       ,  -0.18919432003454828     
   9.1051129999999993       ,  -0.35524657847950014       ,  -0.29446035651889468     
   9.1151129999999991       ,  -0.45643088066327636       ,  -0.38918483629367751     
   9.1251130000000007       ,  -0.54462620647498106       ,  -0.47221222310203420     
   9.1351139999999997       ,  -0.61869551124915867       ,  -0.54293005958782425     
   9.1451139999999995       ,  -0.67808448129209364       ,  -0.60118928093804824     
   9.1551139999999993       ,  -0.72281842884293956       ,  -0.64726976176479689     
   9.1651140000000009       ,  -0.75339597552121118       ,  -0.68175631037017859     
   9.1751149999999999       ,  -0.77070186486036829       ,  -0.70544381736092510     
   9.1851149999999997       ,  -0.77589118895059439       ,  -0.71922250192533843     
   9.1951149999999995       ,  -0.77028367171071666       ,  -0.72399147987878876     
   9.2051149999999993       ,  -0.75524211583169165       ,  -0.72056088435580223     
   9.2151160000000001       ,  -0.73206893817920404       ,  -0.70958503294120567     
   9.2251159999999999       ,  -0.70193021049247628       ,  -0.69152302059262150     
   9.2351159999999997       ,  -0.66577812232361255       ,  -0.66661401378346219     
   9.2451159999999994       ,  -0.62432248642751031       ,  -0.63489019050843887     
   9.2551159999999992       ,  -0.57801988703620955       ,  -0.59621131628060697     
   9.2651170000000000       ,  -0.52708738062204874       ,  -0.55031801980055417     
   9.2751169999999998       ,  -0.47156802720687702       ,  -0.49692718881767517     
   9.2851169999999996       ,  -0.41136660771552241       ,  -0.43579268736678595     
   9.2951169999999994       ,  -0.34635169121299986       ,  -0.36681587308352431     
   9.3051180000000002       ,  -0.27643466566511304       ,  -0.29012334241333881     
   9.3151180000000000       ,  -0.20169072128421767       ,  -0.20617794780972004     
   9.3251179999999998       ,  -0.12240300351915837       ,  -0.11579480651775845     
   9.3351179999999996       ,   -3.9162307401332093E-002  ,   -2.0209926823161303E-002
   9.3451190000000004       ,    4.7096665767159061E-002  ,    7.8926249354886471E-002
   9.3551190000000002       ,   0.13503450300704753       ,   0.17952841530104746     
   9.3651190000000000       ,   0.22296244771747503       ,   0.27918694519902176     
   9.3751189999999998       ,   0.30884248820107185       ,   0.37520880042052490     
   9.3851189999999995       ,   0.39036076269852055       ,   0.46473386770533959     
   9.3951200000000004       ,   0.46502737058578780       ,   0.54486976835472267     
   9.4051200000000001       ,   0.53026315098106769       ,   0.61280194748564965     
   9.4151199999999999       ,   0.58357771166959127       ,   0.66598922933350313     
   9.4251199999999997       ,   0.62268050686653620       ,   0.70227463485680552     
   9.4351210000000005       ,   0.64563247911775501       ,   0.72002712868047447     
   9.4451210000000003       ,   0.65097227663591362       ,   0.71824866529903852     
   9.4551210000000001       ,   0.63784661159478684       ,   0.69666966600631475     
   9.4651209999999999       ,   0.60609015730122784       ,   0.65579097135371611     
   9.4751209999999997       ,   0.55628734537329994       ,   0.59689984756264425     
   9.4851220000000005       ,   0.48978634912657554       ,   0.52203521871553793     
   9.4951220000000003       ,   0.40870862938082259       ,   0.43395307630978025     
   9.5051220000000001       ,   0.31584907140124924       ,   0.33597777752660729     
   9.5151219999999999       ,   0.21460238933154724       ,   0.23189482330253697     
   9.5251230000000007       ,   0.10881292514934415       ,   0.12577184137545996     
   9.5351230000000005       ,    2.6550759122944134E-003  ,    2.1821872773004975E-002
   9.5451230000000002       ,   -9.9613919836702675E-002  ,   -7.5848830965334499E-002
   9.5551230000000000       ,  -0.19380606283598359       ,  -0.16338461764026110     
   9.5651240000000008       ,  -0.27601600873465093       ,  -0.23737300558394245     
   9.5751240000000006       ,  -0.34277551253749844       ,  -0.29497141096683116     
   9.5851240000000004       ,  -0.39127000927580557       ,  -0.33407839562745306     
   9.5951240000000002       ,  -0.41944230787394826       ,  -0.35339367124865873     
   9.6051240000000000       ,  -0.42610356242201397       ,  -0.35247784144948680     
   9.6151250000000008       ,  -0.41099099495059566       ,  -0.33175887268670579     
   9.6251250000000006       ,  -0.37479133135184195       ,  -0.29250974019880538     
   9.6351250000000004       ,  -0.31910069351257081       ,  -0.23676315544209389     
   9.6451250000000002       ,  -0.24635309124090571       ,  -0.16720977815856153     
   9.6551259999999992       ,  -0.15969496484954676       ,   -8.7051263447968555E-002
   9.6651260000000008       ,   -6.2871385670950450E-002  ,    1.2541189913038291E-004
   9.6751260000000006       ,    4.0002523605114831E-002  ,    9.0568069710099092E-002
   9.6851260000000003       ,   0.14460058008961946       ,   0.18050269533786034     
   9.6951269999999994       ,   0.24660256655588125       ,   0.26631800261080346     
   9.7051269999999992       ,   0.34184868066574792       ,   0.34468556864788791     
   9.7151270000000007       ,   0.42658230576323808       ,   0.41274360499260182     
   9.7251270000000005       ,   0.49756620790456124       ,   0.46816520472229783     
   9.7351270000000003       ,   0.55221988185803395       ,   0.50923793178011034     
   9.7451279999999993       ,   0.58871264871267925       ,   0.53490146778164416     
   9.7551279999999991       ,   0.60600120799514778       ,   0.54473980899117802     
   9.7651280000000007       ,   0.60386066406197458       ,   0.53896456615214250     
   9.7751280000000005       ,   0.58283674995091539       ,   0.51834169451873058     
   9.7851289999999995       ,   0.54417775722201378       ,   0.48410560474015008     
   9.7951289999999993       ,   0.48975246877301404       ,   0.43787186358387864     
   9.8051290000000009       ,   0.42190290813861198       ,   0.38150412601755262     
   9.8151290000000007       ,   0.34331817471853593       ,   0.31701205976708702     
   9.8251299999999997       ,   0.25687493934610073       ,   0.24643175030298531     
   9.8351299999999995       ,   0.16552661005274000       ,   0.17175668329965271     
   9.8451299999999993       ,    7.2114456571397256E-002  ,    9.4814356000676586E-002
   9.8551300000000008       ,   -2.0717766360340437E-002  ,    1.7234555552124324E-002
   9.8651300000000006       ,  -0.11062860062191665       ,   -5.9593511238543347E-002
   9.8751309999999997       ,  -0.19565631234002423       ,  -0.13454063065621555     
   9.8851309999999994       ,  -0.27422507158464915       ,  -0.20669704172092623     
   9.8951309999999992       ,  -0.34520612933160510       ,  -0.27538686597157347     
   9.9051310000000008       ,  -0.40786503283600140       ,  -0.34009153373786283     
   9.9151319999999998       ,  -0.46183284100665567       ,  -0.40040663039481017     
   9.9251319999999996       ,  -0.50702355312387981       ,  -0.45595738988993384     
   9.9351319999999994       ,  -0.54359148037023775       ,  -0.50637607215214242     
   9.9451319999999992       ,  -0.57182749922702136       ,  -0.55122642139737854     
   9.9551320000000008       ,  -0.59208443100730146       ,  -0.58997218119522044     
   9.9651329999999998       ,  -0.60470502687177041       ,  -0.62195956330468605     
   9.9751329999999996       ,  -0.60995827349206366       ,  -0.64640489901966269     
   9.9851329999999994       ,  -0.60800575227150766       ,  -0.66243505355224719     
   9.9951329999999992       ,  -0.59887614817189916       ,  -0.66911572817622922     
   10.005129999999999       ,  -0.58247611556620149       ,  -0.66551804180110175     
   10.015129999999999       ,  -0.55859416264087547       ,  -0.65078607583327630     
   10.025130000000001       ,  -0.52697614214624489       ,  -0.62422729524208009     
   10.035130000000001       ,  -0.48737034953004138       ,  -0.58539921401508310     
   10.045130000000000       ,  -0.43960514603235745       ,  -0.53419294030395426     
   10.055130000000000       ,  -0.38366775831167782       ,  -0.47090682767142961     
   10.065140000000000       ,  -0.31971352820825050       ,  -0.39622332538924554     
   10.075139999999999       ,  -0.24839794914251703       ,  -0.31155342931221225     
   10.085140000000001       ,  -0.17054549081439810       ,  -0.21859425539476326     
   10.095140000000001       ,   -8.7429578108285250E-002  ,  -0.11959453174255524     
   10.105140000000000       ,   -7.1928327023554339E-004  ,   -1.7231866669924673E-002
   10.115140000000000       ,    8.7542031635395007E-002  ,    8.5470736291845401E-002
   10.125140000000000       ,   0.17498696066259062       ,   0.18525527250540211     
   10.135140000000000       ,   0.25900207238126172       ,   0.27876121708370694     
   10.145140000000000       ,   0.33683062260248059       ,   0.36267365322626305     
   10.155139999999999       ,   0.40569506669368144       ,   0.43387934360522457     
   10.165139999999999       ,   0.46293292731081426       ,   0.48962221490634011     
   10.175140000000001       ,   0.50613839682336603       ,   0.52764940146327066     
   10.185140000000001       ,   0.53330133303878036       ,   0.54633920213759601     
   10.195140000000000       ,   0.54293509688481645       ,   0.54480304350047570     
   10.205140000000000       ,   0.53418500449077133       ,   0.52295477728908846     
   10.215140000000000       ,   0.50691001313482709       ,   0.48154230522913516     
   10.225140000000000       ,   0.46173158724865593       ,   0.42213852648307226     
   10.235139999999999       ,   0.40004542301700530       ,   0.34709082723922963     
   10.245139999999999       ,   0.32399374792479024       ,   0.25943064842698166     
   10.255140000000001       ,   0.23639813475610075       ,   0.16274693930973710     
   10.265140000000001       ,   0.14065504529800121       ,    6.1029396140592974E-002
   10.275140000000000       ,    4.0598510168881725E-002  ,   -4.1510829888160371E-002
   10.285140000000000       ,   -5.9663675370853972E-002  ,  -0.14063390125232875     
   10.295140000000000       ,  -0.15593222495035694       ,  -0.23226761505923488     
   10.305140000000000       ,  -0.24410789423642251       ,  -0.31269703746357391     
   10.315140000000000       ,  -0.32038238383434259       ,  -0.37873747603703350     
   10.325139999999999       ,  -0.38141860132650518       ,  -0.42788164465486600     
   10.335140000000001       ,  -0.42451072150742741       ,  -0.45841322711788296     
   10.345140000000001       ,  -0.44771548086253499       ,  -0.46948084293904185     
   10.355140000000000       ,  -0.44994763077619732       ,  -0.46112855899562305     
   10.365140000000000       ,  -0.43103436861926975       ,  -0.43428145124836776     
   10.375140000000000       ,  -0.39172575737369864       ,  -0.39068716563162781     
   10.385140000000000       ,  -0.33366050591059387       ,  -0.33281681581817263     
   10.395140000000000       ,  -0.25928887676369461       ,  -0.26373075067061091     
   10.405139999999999       ,  -0.17175677802511963       ,  -0.18691660029416429     
   10.415139999999999       ,   -7.4757149439413598E-002  ,  -0.10610846029174227     
   10.425140000000001       ,    2.7643546828321749E-002  ,   -2.5097018032338221E-002
   10.435140000000001       ,   0.13119466802541363       ,    5.2459188534804378E-002
   10.445140000000000       ,   0.23165676634842933       ,   0.12321137785707732     
   10.455140000000000       ,   0.32499301607014536       ,   0.18427774466242233     
   10.465140000000000       ,   0.40754708378065257       ,   0.23337230026173322     
   10.475140000000000       ,   0.47619873475378705       ,   0.26889903499612194     
   10.485139999999999       ,   0.52848983798407234       ,   0.29000713016058405     
   10.495139999999999       ,   0.56271518337239168       ,   0.29660518296888067     
